DATETIME,DEPTH,TEMP
2018-06-28,1,NA
2018-06-28,1.06890000000004,24.6935555555556
2018-06-28,1.56890000000004,24.0498888888889
2018-06-29,1,NA
2018-06-29,1.0684,25.4360416666667
2018-06-29,1.5684,23.9932916666667
2018-06-30,1,NA
2018-06-30,1.06569999999999,26.6524166666667
2018-06-30,1.56569999999999,24.3370833333333
2018-07-01,1,NA
2018-07-01,1.06560000000002,27.5842916666667
2018-07-01,1.56560000000002,24.3064166666667
2018-07-02,1,NA
2018-07-02,1.06209999999999,26.6196666666667
2018-07-02,1.56209999999999,24.7189583333333
2018-07-03,1,NA
2018-07-03,1.0591,27.4279583333333
2018-07-03,1.5591,25.1580833333333
2018-07-04,1,NA
2018-07-04,1.05610000000001,27.9411666666667
2018-07-04,1.55610000000001,25.1607916666667
2018-07-05,1,NA
2018-07-05,1.05330000000004,28.0819583333333
2018-07-05,1.55330000000004,25.0134166666667
2018-07-06,1,NA
2018-07-06,1.0478,27.46575
2018-07-06,1.5478,25.4970833333333
2018-07-07,1,NA
2018-07-07,1.04400000000004,27.10125
2018-07-07,1.54400000000004,25.9191666666667
2018-07-08,1,NA
2018-07-08,1.04079999999999,26.9327083333333
2018-07-08,1.54079999999999,26.118
2018-07-09,1,NA
2018-07-09,1.03800000000001,27.0838333333333
2018-07-09,1.53800000000001,25.9634583333333
2018-07-10,1,NA
2018-07-10,1.03540000000004,27.4715416666667
2018-07-10,1.53540000000004,25.7849166666667
2018-07-11,1,NA
2018-07-11,1.03300000000002,27.3807083333333
2018-07-11,1.53300000000002,25.9020416666667
2018-07-12,1,NA
2018-07-12,1.03219999999999,27.1102916666667
2018-07-12,1.53219999999999,25.9075833333333
2018-07-13,1,NA
2018-07-13,1.03230000000002,27.225625
2018-07-13,1.53230000000002,25.71375
2018-07-14,1,NA
2018-07-14,1.03230000000002,27.4263333333333
2018-07-14,1.53230000000002,25.4485833333333
2018-07-15,1,NA
2018-07-15,1.03230000000002,27.882375
2018-07-15,1.53230000000002,25.3414583333333
2018-07-16,1,NA
2018-07-16,1.02960000000002,28.379125
2018-07-16,1.52960000000002,25.4477916666667
2018-07-17,1,NA
2018-07-17,1.02370000000002,27.7375833333333
2018-07-17,1.52370000000002,25.48725
2018-07-18,1,NA
2018-07-18,1.01990000000001,27.313
2018-07-18,1.51990000000001,25.625875
2018-07-19,1,NA
2018-07-19,1.01710000000003,27.09075
2018-07-19,1.51710000000003,25.6398333333333
2018-07-20,1,NA
2018-07-20,1.06940000000003,25.6909583333333
2018-07-20,1.56940000000003,25.4153333333333
2018-07-21,1,NA
2018-07-21,1.12,24.792375
2018-07-21,1.62,24.6009166666667
2018-07-22,1,NA
2018-07-22,1.11500000000001,24.4138333333333
2018-07-22,1.61500000000001,24.22175
2018-07-23,1,NA
2018-07-23,1.11099999999999,24.74425
2018-07-23,1.61099999999999,24.4078333333333
2018-07-24,1,NA
2018-07-24,1.10590000000002,25.3852916666667
2018-07-24,1.60590000000002,24.63125
2018-07-25,1,NA
2018-07-25,1.1028,25.5457916666667
2018-07-25,1.6028,24.76525
2018-07-26,1,NA
2018-07-26,1.1114,24.9940833333333
2018-07-26,1.6114,24.7581666666667
2018-07-27,1,NA
2018-07-27,1.10570000000001,24.130375
2018-07-27,1.60570000000001,24.0058333333333
2018-07-28,1,NA
2018-07-28,1.10000000000002,23.8494166666667
2018-07-28,1.60000000000002,23.6028333333333
2018-07-29,1,NA
2018-07-29,1.09649999999999,24.0612916666667
2018-07-29,1.59649999999999,23.664875
2018-07-30,1,NA
2018-07-30,1.09320000000002,24.367625
2018-07-30,1.59320000000002,23.898625
2018-07-31,1,NA
2018-07-31,1.09020000000004,24.5960833333333
2018-07-31,1.59020000000004,24.0590416666667
2018-08-01,1,NA
2018-08-01,1.08969999999999,24.8347083333333
2018-08-01,1.58969999999999,24.0921666666667
2018-08-02,1,NA
2018-08-02,1.09989999999999,24.3312916666667
2018-08-02,1.59989999999999,24.0600416666667
2018-08-03,1,NA
2018-08-03,1.09710000000001,23.96575
2018-08-03,1.59710000000001,23.771125
2018-08-04,1,NA
2018-08-04,1.09630000000004,24.0089166666667
2018-08-04,1.59630000000004,23.696
2018-08-05,1,NA
2018-08-05,1.10040000000004,24.3867083333333
2018-08-05,1.60040000000004,23.764375
2018-08-06,1,NA
2018-08-06,1.0994,24.8378333333333
2018-08-06,1.5994,23.78325
2018-08-07,1,NA
2018-08-07,1.0967,24.7592083333333
2018-08-07,1.5967,23.7692083333333
2018-08-08,1,NA
2018-08-08,1.09360000000004,24.751125
2018-08-08,1.59360000000004,24.0000833333333
2018-08-09,1,NA
2018-08-09,1.08840000000004,25.382
2018-08-09,1.58840000000004,24.150625
2018-08-10,1,NA
2018-08-10,1.0849,26.2150416666667
2018-08-10,1.5849,24.3345416666667
2018-08-11,1,NA
2018-08-11,1.0795,26.442875
2018-08-11,1.5795,24.4379583333333
2018-08-12,1,NA
2018-08-12,1.0761,26.75775
2018-08-12,1.5761,24.5217083333333
2018-08-13,1,NA
2018-08-13,1.0727,27.0754166666667
2018-08-13,1.5727,24.60525
2018-08-14,1,NA
2018-08-14,1.0668,27.2880833333333
2018-08-14,1.5668,24.648375
2018-08-15,1,NA
2018-08-15,1.06190000000004,27.3680416666667
2018-08-15,1.56190000000004,24.6936666666667
2018-08-16,1,NA
2018-08-16,1.05630000000002,27.3904166666667
2018-08-16,1.55630000000002,24.57275
2018-08-17,1,NA
2018-08-17,1.05330000000004,26.8067083333333
2018-08-17,1.55330000000004,24.509375
2018-08-18,1,NA
2018-08-18,1.04990000000004,26.4256666666667
2018-08-18,1.54990000000004,24.5395416666667
2018-08-19,1,NA
2018-08-19,1.0446,25.8830833333333
2018-08-19,1.5446,24.604
2018-08-20,1,NA
2018-08-20,1.04340000000002,25.428625
2018-08-20,1.54340000000002,24.4390416666667
2018-08-21,1,NA
2018-08-21,1.05549999999999,24.420875
2018-08-21,1.55549999999999,24.2952083333333
2018-08-22,1,NA
2018-08-22,1.0478,23.4465416666667
2018-08-22,1.5478,23.214125
2018-08-23,1,NA
2018-08-23,1.04349999999999,23.1401666666667
2018-08-23,1.54349999999999,22.8312916666667
2018-08-24,1,NA
2018-08-24,1.04090000000002,22.8345416666667
2018-08-24,1.54090000000002,22.5940833333333
2018-08-25,1,NA
2018-08-25,1.04150000000004,22.2057083333333
2018-08-25,1.54150000000004,22.05725
2018-08-26,1,NA
2018-08-26,1.06139999999999,22.3404166666667
2018-08-26,1.56139999999999,22.022625
2018-08-27,1,NA
2018-08-27,1.12260000000003,22.55475
2018-08-27,1.62260000000003,22.0814583333333
2018-08-28,1,NA
2018-08-28,1.14710000000002,22.987
2018-08-28,1.64710000000002,22.182
2018-08-29,1,NA
2018-08-29,1.1576,22.6995416666667
2018-08-29,1.6576,22.2915
2018-08-30,1,NA
2018-08-30,1.1508,22.419375
2018-08-30,1.6508,22.1359583333333
2018-08-31,1,NA
2018-08-31,1.14449999999999,22.2367083333333
2018-08-31,1.64449999999999,21.947
2018-09-01,1,NA
2018-09-01,1.1413,22.637625
2018-09-01,1.6413,22.0285
2018-09-02,1,NA
2018-09-02,1.1388,22.8780416666667
2018-09-02,1.6388,22.083
2018-09-03,1,NA
2018-09-03,1.13900000000001,22.495
2018-09-03,1.63900000000001,22.117
2018-09-04,1,NA
2018-09-04,1.18979999999999,22.5289166666667
2018-09-04,1.68979999999999,22.205
2018-09-05,1,NA
2018-09-05,1.20320000000004,22.98
2018-09-05,1.70320000000004,22.3302916666667
2018-09-06,1,NA
2018-09-06,1.19999999999999,22.688625
2018-09-06,1.69999999999999,22.296375
2018-09-07,1,NA
2018-09-07,1.19370000000004,22.1959583333333
2018-09-07,1.69370000000004,22.0425
2018-09-08,1,NA
2018-09-08,1.18790000000001,21.4175416666667
2018-09-08,1.68790000000001,21.1529583333333
2018-09-09,1,NA
2018-09-09,1.1823,20.7934166666667
2018-09-09,1.6823,20.523375
2018-09-10,1,NA
2018-09-10,1.1789,20.449
2018-09-10,1.6789,20.172
2018-09-11,1,NA
2018-09-11,1.17610000000002,20.4329583333333
2018-09-11,1.67610000000002,20.1204166666667
2018-09-12,1,NA
2018-09-12,1.17349999999999,20.6434583333333
2018-09-12,1.67349999999999,20.2740833333333
2018-09-13,1,NA
2018-09-13,1.17259999999999,21.064625
2018-09-13,1.67259999999999,20.5145833333333
2018-09-14,1,NA
2018-09-14,1.17040000000003,21.3689166666667
2018-09-14,1.67040000000003,20.7528333333333
2018-09-15,1,NA
2018-09-15,1.17009999999999,21.8652083333333
2018-09-15,1.67009999999999,20.955125
2018-09-16,1,NA
2018-09-16,1.17020000000002,22.4174583333333
2018-09-16,1.67020000000002,21.196875
2018-09-17,1,NA
2018-09-17,1.17070000000001,22.93925
2018-09-17,1.67070000000001,21.4383333333333
2018-09-18,1,NA
2018-09-18,1.17630000000003,22.7326666666667
2018-09-18,1.67630000000003,21.4910416666667
2018-09-19,1,NA
2018-09-19,1.17920000000004,21.6980833333333
2018-09-19,1.67920000000004,21.4910833333333
2018-09-20,1,NA
2018-09-20,1.18830000000003,20.8222916666667
2018-09-20,1.68830000000003,20.7040416666667
2018-09-21,1,NA
2018-09-21,1.20980000000003,20.27925
2018-09-21,1.70980000000003,20.1672916666667
2018-09-22,1,NA
2018-09-22,1.20350000000002,19.0529166666667
2018-09-22,1.70350000000002,18.9360833333333
2018-09-23,1,NA
2018-09-23,1.20260000000002,18.6555833333333
2018-09-23,1.70260000000002,18.4713333333333
2018-09-24,1,NA
2018-09-24,1.20280000000002,18.4475
2018-09-24,1.70280000000002,18.274375
2018-09-25,1,NA
2018-09-25,1.21109999999999,18.6427083333333
2018-09-25,1.71109999999999,18.406
2018-09-26,1,NA
2018-09-26,1.22130000000004,17.753125
2018-09-26,1.72130000000004,17.6559583333333
2018-09-27,1,NA
2018-09-27,1.22120000000001,17.0342916666667
2018-09-27,1.72120000000001,16.9560833333333
2018-09-28,1,NA
2018-09-28,1.2208,16.3874583333333
2018-09-28,1.7208,16.3052083333333
2018-09-29,1,NA
2018-09-29,1.2183,15.2055833333333
2018-09-29,1.7183,15.118
2018-09-30,1,NA
2018-09-30,1.22050000000002,14.2696666666667
2018-09-30,1.72050000000002,14.18075
2018-10-01,1,NA
2018-10-01,1.22910000000002,13.5907083333333
2018-10-01,1.72910000000002,13.512625
2018-10-02,1,NA
2018-10-02,1.24520000000001,13.093125
2018-10-02,1.74520000000001,12.993
2018-10-03,1,NA
2018-10-03,1.2484,13.2285833333333
2018-10-03,1.7484,13.0764166666667
2018-10-04,1,NA
2018-10-04,1.25530000000003,13.3731666666667
2018-10-04,1.75530000000003,13.2267916666667
2018-10-05,1,NA
2018-10-05,1.25720000000001,13.1215
2018-10-05,1.75720000000001,13.0109583333333
2018-10-06,1,NA
2018-10-06,1.25839999999999,12.793
2018-10-06,1.75839999999999,12.6874166666667
2018-10-07,1,NA
2018-10-07,1.25810000000001,12.436875
2018-10-07,1.75810000000001,12.3582916666667
2018-10-08,1,NA
2018-10-08,1.2783,12.0809166666667
2018-10-08,1.7783,11.9890416666667
2018-10-09,1,NA
2018-10-09,1.29300000000001,12.3320833333333
2018-10-09,1.79300000000001,12.175
2018-10-10,1,NA
2018-10-10,1.33019999999999,12.6905416666667
2018-10-10,1.83019999999999,12.4399583333333
2018-10-11,1,NA
2018-10-11,1.33760000000001,12.2832916666667
2018-10-11,1.83760000000001,12.1915
2018-10-12,1,NA
2018-10-12,1.33710000000002,10.8610833333333
2018-10-12,1.83710000000002,10.7775416666667
2018-10-13,1,NA
2018-10-13,1.33710000000002,9.89704166666667
2018-10-13,1.83710000000002,9.76883333333333
2018-10-14,1,NA
2018-10-14,1.34010000000001,9.63633333333333
2018-10-14,1.84010000000001,9.55416666666667
2018-10-15,1,NA
2018-10-15,1.34559999999999,8.76479166666667
2018-10-15,1.84559999999999,8.67583333333333
2018-10-16,1,NA
2018-10-16,1.34590000000003,8.18241666666667
2018-10-16,1.84590000000003,8.08041666666667
2018-10-17,1,NA
2018-10-17,1.34559999999999,8.07295833333333
2018-10-17,1.84559999999999,7.9575
2018-10-18,1,NA
2018-10-18,1.34379999999999,7.82929166666667
2018-10-18,1.84379999999999,7.67283333333333
2018-10-19,1,NA
2018-10-19,1.34890000000001,7.81895833333333
2018-10-19,1.84890000000001,7.65183333333333
2018-10-20,1,NA
2018-10-20,1.3528,7.463375
2018-10-20,1.8528,7.38491666666667
2018-10-21,1,NA
2018-10-21,1.35489999999999,6.8985
2018-10-21,1.85489999999999,6.75429166666667
2018-10-22,1,NA
2018-10-22,1.35759999999999,6.84895833333333
2018-10-22,1.85759999999999,6.64533333333333
2018-10-23,1,NA
2018-10-23,1.35849999999999,6.71504166666667
2018-10-23,1.85849999999999,6.56091666666667
2018-10-24,1,NA
2018-10-24,1.36110000000002,6.722625
2018-10-24,1.86110000000002,6.57775
2018-10-25,1,NA
2018-10-25,1.36439999999999,6.79216666666667
2018-10-25,1.86439999999999,6.65383333333333
2018-10-26,1,NA
2018-10-26,1.3682,7.00075
2018-10-26,1.8682,6.867125
2018-10-27,1,NA
2018-10-27,1.37370000000004,7.26129166666667
2018-10-27,1.87370000000004,7.101625
2018-10-28,1,NA
2018-10-28,1.38490000000002,7.310625
2018-10-28,1.88490000000002,7.23916666666667
2018-10-29,1,NA
2018-10-29,1.3888,7.163625
2018-10-29,1.8888,7.11
2018-10-30,1,NA
2018-10-30,1.39210000000003,7.05941666666667
2018-10-30,1.89210000000003,6.97754166666667
2018-10-31,1,NA
2018-10-31,1.39550000000003,7.28725
2018-10-31,1.89550000000003,7.13304166666667
2018-11-01,1,NA
2018-11-01,1.39859999999999,7.188875
2018-11-01,1.89859999999999,7.09429166666667
2018-11-02,1,NA
2018-11-02,1.4033,7.00383333333333
2018-11-02,1.9033,6.91120833333333
2018-11-03,1,NA
2018-11-03,1.40450000000004,6.88808333333333
2018-11-03,1.90450000000004,6.79320833333333
2018-11-04,1,NA
2018-11-04,1.42750000000001,6.56091666666667
2018-11-04,1.92750000000001,6.4985
2018-11-05,1,NA
2018-11-05,1.44980000000004,6.61270833333333
2018-11-05,1.94980000000004,6.52925
2018-11-06,1,NA
2018-11-06,1.4597,6.61579166666667
2018-11-06,1.9597,6.54625
2018-11-07,1,NA
2018-11-07,1.4622,5.94233333333333
2018-11-07,1.9622,5.895375
2018-11-08,1,NA
2018-11-08,1.46210000000002,5.16741666666667
2018-11-08,1.96210000000002,5.133
2018-11-09,1,NA
2018-11-09,1.46520000000004,4.67145833333333
2018-11-09,1.96520000000004,4.73841666666667
2018-11-10,1,NA
2018-11-10,1.46570000000003,3.37625
2018-11-10,1.96570000000003,3.565375
2018-11-11,1,NA
2018-11-11,1.46840000000003,3.48845833333333
2018-11-11,1.96840000000003,4.07479166666667
2018-11-12,1,NA
2018-11-12,1.47120000000001,2.95508333333333
2018-11-12,1.97120000000001,3.796
2018-11-13,1,NA
2018-11-13,1.47370000000001,2.906
2018-11-13,1.97370000000001,3.60933333333333
2018-11-14,1,NA
2018-11-14,1.47430000000003,3.74720833333333
2018-11-14,1.97430000000003,3.97316666666667
2018-11-15,1,NA
2018-11-15,1.47720000000004,4.13604166666667
2018-11-15,1.97720000000004,4.14129166666667
2018-11-16,1,NA
2018-11-16,1.48050000000001,4.0435
2018-11-16,1.98050000000001,4.23266666666667
2018-11-17,1,NA
2018-11-17,1.48320000000001,4.2555
2018-11-17,1.98320000000001,4.765625
2018-11-18,1,NA
2018-11-18,1.48599999999999,4.270875
2018-11-18,1.98599999999999,5.088875
2018-11-19,1,NA
2018-11-19,1.48939999999999,4.12379166666667
2018-11-19,1.98939999999999,5.14608333333333
2018-11-20,1,NA
2018-11-20,1.49260000000004,4.12916666666667
2018-11-20,1.99260000000004,5.42695833333333
2018-11-21,1,NA
2018-11-21,1.495,4.11720833333333
2018-11-21,1.995,5.59075
2018-11-22,1,NA
2018-11-22,1.49560000000002,4.06733333333333
2018-11-22,1.99560000000002,5.75083333333333
2018-11-23,1,NA
2018-11-23,1.49830000000003,4.084875
2018-11-23,1.99830000000003,5.90433333333333
2018-11-24,1,NA
2018-11-24,1.50510000000003,4.21770833333333
2018-11-24,2.00510000000003,6.07783333333333
2018-11-25,1,NA
2018-11-25,1.50810000000001,4.34458333333333
2018-11-25,2.00810000000001,6.13725
2018-11-26,1,NA
2018-11-26,1.51060000000001,4.42258333333333
2018-11-26,2.01060000000001,6.21166666666667
2018-11-27,1,NA
2018-11-27,1.51330000000002,4.49625
2018-11-27,2.01330000000002,6.31454166666667
2018-11-28,1,NA
2018-11-28,1.51440000000002,4.55041666666667
2018-11-28,2.01440000000002,6.35783333333333
2018-11-29,1,NA
2018-11-29,1.51980000000003,4.47241666666667
2018-11-29,2.01980000000003,6.35875
2018-11-30,1,NA
2018-11-30,1.52000000000004,4.3565
2018-11-30,2.02000000000004,6.35466666666667
2018-12-01,1,NA
2018-12-01,1.52550000000002,4.33375
2018-12-01,2.02550000000002,6.24783333333333
2018-12-02,1,NA
2018-12-02,1.54110000000003,4.38466666666667
2018-12-02,2.04110000000003,6.2255
2018-12-03,1,NA
2018-12-03,1.54200000000003,4.42366666666667
2018-12-03,2.04200000000003,6.44258333333333
2018-12-04,1,NA
2018-12-04,1.54140000000001,4.37708333333333
2018-12-04,2.04140000000001,6.54191666666667
2018-12-05,1,NA
2018-12-05,1.54419999999999,4.3435
2018-12-05,2.04419999999999,6.639
2018-12-06,1,NA
2018-12-06,1.5446,4.33795833333333
2018-12-06,2.0446,6.751
2018-12-07,1,NA
2018-12-07,1.5444,4.08779166666667
2018-12-07,2.0444,6.83120833333333
2018-12-08,1,NA
2018-12-08,1.5444,4.026875
2018-12-08,2.0444,6.90820833333333
2018-12-09,1,NA
2018-12-09,1.54509999999999,3.94095833333333
2018-12-09,2.04509999999999,6.96591666666667
2018-12-10,1,NA
2018-12-10,1.54790000000003,3.87641666666667
2018-12-10,2.04790000000003,6.981625
2018-12-11,1,NA
2018-12-11,1.55070000000001,3.81633333333333
2018-12-11,2.05070000000001,6.873375
2018-12-12,1,NA
2018-12-12,1.55590000000001,3.89716666666667
2018-12-12,2.05590000000001,6.55991666666667
2018-12-13,1,NA
2018-12-13,1.55580000000003,4.05108333333333
2018-12-13,2.05580000000003,6.42254166666667
2018-12-14,1,NA
2018-12-14,1.55610000000001,4.06408333333333
2018-12-14,2.05610000000001,6.396
2018-12-15,1,NA
2018-12-15,1.5566,4.0955
2018-12-15,2.0566,6.37066666666667
2018-12-16,1,NA
2018-12-16,1.5573,4.13466666666667
2018-12-16,2.0573,6.44779166666667
2018-12-17,1,NA
2018-12-17,1.55959999999999,4.13275
2018-12-17,2.05959999999999,6.43820833333333
2018-12-18,1,NA
2018-12-18,1.56,3.941
2018-12-18,2.06,6.42666666666667
2018-12-19,1,NA
2018-12-19,1.56260000000003,3.90804166666667
2018-12-19,2.06260000000003,6.39066666666667
2018-12-20,1,NA
2018-12-20,1.56310000000002,3.9015
2018-12-20,2.06310000000002,6.37679166666667
2018-12-21,1,NA
2018-12-21,1.56569999999999,3.99316666666667
2018-12-21,2.06569999999999,6.375875
2018-12-22,1,NA
2018-12-22,1.56569999999999,4.04216666666667
2018-12-22,2.06569999999999,6.393875
2018-12-23,1,NA
2018-12-23,1.5659,4.01845833333333
2018-12-23,2.0659,6.42675
2018-12-24,1,NA
2018-12-24,1.56580000000002,3.98229166666667
2018-12-24,2.06580000000002,6.45741666666667
2018-12-25,1,NA
2018-12-25,1.56569999999999,3.90379166666667
2018-12-25,2.06569999999999,6.49866666666667
2018-12-26,1,NA
2018-12-26,1.5652,4.058625
2018-12-26,2.0652,6.51879166666667
2018-12-27,1,NA
2018-12-27,1.57760000000002,4.12058333333333
2018-12-27,2.07760000000002,6.59804166666667
2018-12-28,1,NA
2018-12-28,1.58750000000003,4.16204166666667
2018-12-28,2.08750000000003,6.52925
2018-12-29,1,NA
2018-12-29,1.58690000000001,4.28391666666667
2018-12-29,2.08690000000001,6.41395833333333
2018-12-30,1,NA
2018-12-30,1.58699999999999,4.25020833333333
2018-12-30,2.08699999999999,6.432
2018-12-31,1,NA
2018-12-31,1.5924,4.17204166666667
2018-12-31,2.0924,6.490125
2019-01-01,1,NA
2019-01-01,1.5967,4.21991666666667
2019-01-01,2.0967,6.51666666666667
2019-01-02,1,NA
2019-01-02,1.59620000000001,4.26225
2019-01-02,2.09620000000001,6.57041666666667
2019-01-03,1,NA
2019-01-03,1.59649999999999,4.26116666666667
2019-01-03,2.09649999999999,6.575625
2019-01-04,1,NA
2019-01-04,1.59899999999999,4.30666666666667
2019-01-04,2.09899999999999,6.569375
2019-01-05,1,NA
2019-01-05,1.59910000000002,4.39008333333333
2019-01-05,2.09910000000002,6.58716666666667
2019-01-06,1,NA
2019-01-06,1.59620000000001,4.4605
2019-01-06,2.09620000000001,6.597
2019-01-07,1,NA
2019-01-07,1.62,4.52875
2019-01-07,2.12,6.57575
2019-01-08,1,NA
2019-01-08,1.62690000000003,4.59375
2019-01-08,2.12690000000003,6.56833333333333
2019-01-09,1,NA
2019-01-09,1.62430000000001,4.62733333333333
2019-01-09,2.12430000000001,6.678125
2019-01-10,1,NA
2019-01-10,1.62080000000003,4.66958333333333
2019-01-10,2.12080000000003,6.78058333333333
2019-01-11,1,NA
2019-01-11,1.62060000000002,4.68041666666667
2019-01-11,2.12060000000002,6.759625
2019-01-12,1,NA
2019-01-12,1.61790000000002,4.77141666666667
2019-01-12,2.11790000000002,6.78279166666667
2019-01-13,1,NA
2019-01-13,1.61750000000001,4.71508333333333
2019-01-13,2.11750000000001,6.73395833333333
2019-01-14,1,NA
2019-01-14,1.61750000000001,4.727
2019-01-14,2.11750000000001,6.70366666666667
2019-01-15,1,NA
2019-01-15,1.61770000000001,4.62408333333333
2019-01-15,2.11770000000001,6.73516666666667
2019-01-16,1,NA
2019-01-16,1.61790000000002,4.69225
2019-01-16,2.11790000000002,6.72375
2019-01-17,1,NA
2019-01-17,1.61770000000001,4.50708333333333
2019-01-17,2.11770000000001,6.81229166666667
2019-01-18,1,NA
2019-01-18,1.61760000000004,4.36841666666667
2019-01-18,2.11760000000004,6.74891666666667
2019-01-19,1,NA
2019-01-19,1.62060000000002,4.35
2019-01-19,2.12060000000002,6.74670833333333
2019-01-20,1,NA
2019-01-20,1.61990000000003,4.23820833333333
2019-01-20,2.11990000000003,6.69829166666667
2019-01-21,1,NA
2019-01-21,1.61750000000001,4.03895833333333
2019-01-21,2.11750000000001,6.68579166666667
2019-01-22,1,NA
2019-01-22,1.61779999999999,4.11433333333333
2019-01-22,2.11779999999999,6.63291666666667
2019-01-23,1,NA
2019-01-23,1.62310000000002,4.23191666666667
2019-01-23,2.12310000000002,6.57366666666667
2019-01-24,1,NA
2019-01-24,1.62420000000003,4.29691666666667
2019-01-24,2.12420000000003,6.53916666666667
2019-01-25,1,NA
2019-01-25,1.62370000000004,4.40525
2019-01-25,2.12370000000004,6.55270833333333
2019-01-26,1,NA
2019-01-26,1.6234,4.4995
2019-01-26,2.1234,6.55895833333333
2019-01-27,1,NA
2019-01-27,1.62130000000002,4.56233333333333
2019-01-27,2.12130000000002,6.5725
2019-01-28,1,NA
2019-01-28,1.63,4.584
2019-01-28,2.13,6.601125
2019-01-29,1,NA
2019-01-29,1.63040000000001,4.65333333333333
2019-01-29,2.13040000000001,6.69520833333333
2019-01-30,1,NA
2019-01-30,1.62900000000002,4.61216666666667
2019-01-30,2.12900000000002,6.70991666666667
2019-01-31,1,NA
2019-01-31,1.62440000000004,4.6685
2019-01-31,2.12440000000004,6.72345833333333
2019-02-01,1,NA
2019-02-01,1.6234,4.52225
2019-02-01,2.1234,6.731875
2019-02-02,1,NA
2019-02-02,1.62100000000004,4.45075
2019-02-02,2.12100000000004,6.70991666666667
2019-02-03,1,NA
2019-02-03,1.62360000000001,4.48325
2019-02-03,2.12360000000001,6.71095833333333
2019-02-04,1,NA
2019-02-04,1.6268,4.57208333333333
2019-02-04,2.1268,6.712
2019-02-05,1,NA
2019-02-05,1.62630000000001,4.69008333333333
2019-02-05,2.12630000000001,6.73841666666667
2019-02-06,1,NA
2019-02-06,1.62710000000004,4.7725
2019-02-06,2.12710000000004,6.77441666666667
2019-02-07,1,NA
2019-02-07,1.63319999999999,4.80495833333333
2019-02-07,2.13319999999999,6.76495833333333
2019-02-08,1,NA
2019-02-08,1.6354,4.74
2019-02-08,2.1354,6.805
2019-02-09,1,NA
2019-02-09,1.62909999999999,4.714
2019-02-09,2.12909999999999,6.87025
2019-02-10,1,NA
2019-02-10,1.62900000000002,4.63491666666667
2019-02-10,2.12900000000002,6.84108333333333
2019-02-11,1,NA
2019-02-11,1.62990000000002,4.47133333333333
2019-02-11,2.12990000000002,6.821875
2019-02-12,1,NA
2019-02-12,1.64480000000003,4.57316666666667
2019-02-12,2.14480000000003,6.75108333333333
2019-02-13,1,NA
2019-02-13,1.64859999999999,4.5645
2019-02-13,2.14859999999999,6.74245833333333
2019-02-14,1,NA
2019-02-14,1.64780000000002,4.55475
2019-02-14,2.14780000000002,6.73191666666667
2019-02-15,1,NA
2019-02-15,1.64550000000003,4.5385
2019-02-15,2.14550000000003,6.702625
2019-02-16,1,NA
2019-02-16,1.64150000000001,4.53308333333333
2019-02-16,2.14150000000001,6.72658333333333
2019-02-17,1,NA
2019-02-17,1.6388,4.53958333333333
2019-02-17,2.1388,6.702625
2019-02-18,1,NA
2019-02-18,1.6354,4.49733333333333
2019-02-18,2.1354,6.68158333333333
2019-02-19,1,NA
2019-02-19,1.63030000000003,4.50491666666667
2019-02-19,2.13030000000003,6.67075
2019-02-20,1,NA
2019-02-20,1.63260000000002,4.4995
2019-02-20,2.13260000000002,6.6485
2019-02-21,1,NA
2019-02-21,1.63319999999999,4.48325
2019-02-21,2.13319999999999,6.63704166666667
2019-02-22,1,NA
2019-02-22,1.62909999999999,4.47783333333333
2019-02-22,2.12909999999999,6.62558333333333
2019-02-23,1,NA
2019-02-23,1.62900000000002,4.45725
2019-02-23,2.12900000000002,6.626625
2019-02-24,1,NA
2019-02-24,1.65160000000003,4.415
2019-02-24,2.15160000000003,6.59804166666667
2019-02-25,1,NA
2019-02-25,1.64760000000001,4.41066666666667
2019-02-25,2.14760000000001,6.609625
2019-02-26,1,NA
2019-02-26,1.642,4.43558333333333
2019-02-26,2.142,6.60425
2019-02-27,1,NA
2019-02-27,1.64210000000003,4.39766666666667
2019-02-27,2.14210000000003,6.59258333333333
2019-02-28,1,NA
2019-02-28,1.63920000000002,4.41391666666667
2019-02-28,2.13920000000002,6.54854166666667
2019-03-01,1,NA
2019-03-01,1.63630000000001,4.42691666666667
2019-03-01,2.13630000000001,6.52308333333333
2019-03-02,1,NA
2019-03-02,1.63850000000002,4.43991666666667
2019-03-02,2.13850000000002,6.51441666666667
2019-03-03,1,NA
2019-03-03,1.63530000000003,4.49625
2019-03-03,2.13530000000003,6.509
2019-03-04,1,NA
2019-03-04,1.63240000000002,4.53741666666667
2019-03-04,2.13240000000002,6.509
2019-03-05,1,NA
2019-03-05,1.62950000000001,4.558
2019-03-05,2.12950000000001,6.51441666666667
2019-03-06,1,NA
2019-03-06,1.62600000000003,4.51466666666667
2019-03-06,2.12600000000003,6.52091666666667
2019-03-07,1,NA
2019-03-07,1.62110000000001,4.50383333333333
2019-03-07,2.12110000000001,6.509
2019-03-08,1,NA
2019-03-08,1.61790000000002,4.52333333333333
2019-03-08,2.11790000000002,6.51008333333333
2019-03-09,1,NA
2019-03-09,1.61799999999999,4.58075
2019-03-09,2.11799999999999,6.52408333333333
2019-03-10,1,NA
2019-03-10,1.62690000000003,4.63275
2019-03-10,2.12690000000003,6.55166666666667
2019-03-11,1,NA
2019-03-11,1.62139999999999,4.65333333333333
2019-03-11,2.12139999999999,6.51670833333333
2019-03-12,1,NA
2019-03-12,1.62090000000001,4.66416666666667
2019-03-12,2.12090000000001,6.49129166666667
2019-03-13,1,NA
2019-03-13,1.642,4.70858333333333
2019-03-13,2.142,6.48816666666667
2019-03-14,1,NA
2019-03-14,1.6567,4.52816666666667
2019-03-14,2.1567,6.511375
2019-03-15,1,NA
2019-03-15,1.66640000000001,4.2835
2019-03-15,2.16640000000001,6.56104166666667
2019-03-16,1,NA
2019-03-16,1.66630000000004,4.60554166666667
2019-03-16,2.16630000000004,6.47625
2019-03-17,1,NA
2019-03-17,1.66860000000003,4.90816666666667
2019-03-17,2.16860000000003,6.40758333333333
2019-03-18,1,NA
2019-03-18,1.66930000000002,5.20654166666667
2019-03-18,2.16930000000002,6.40541666666667
2019-03-19,1,NA
2019-03-19,1.67220000000003,5.54883333333333
2019-03-19,2.17220000000003,6.49008333333333
2019-03-20,1,NA
2019-03-20,1.67570000000001,5.20845833333333
2019-03-20,2.17570000000001,6.59158333333333
2019-03-21,1,NA
2019-03-21,1.67910000000001,5.20191666666667
2019-03-21,2.17910000000001,6.66145833333333
2019-03-22,1,NA
2019-03-22,1.68420000000003,5.285375
2019-03-22,2.18420000000003,6.61808333333333
2019-03-23,1,NA
2019-03-23,1.68760000000003,5.356375
2019-03-23,2.18760000000003,6.539875
2019-03-24,1,NA
2019-03-24,1.69120000000004,5.50304166666667
2019-03-24,2.19120000000004,6.550625
2019-03-25,1,NA
2019-03-25,1.6961,5.71866666666667
2019-03-25,2.1961,6.57595833333333
2019-03-26,1,NA
2019-03-26,1.69940000000003,5.925625
2019-03-26,2.19940000000003,6.68229166666667
2019-03-27,1,NA
2019-03-27,1.70320000000004,6.15966666666667
2019-03-27,2.20320000000004,6.79004166666667
2019-03-28,1,NA
2019-03-28,1.70910000000003,6.37683333333333
2019-03-28,2.20910000000003,6.91029166666667
2019-03-29,1,NA
2019-03-29,1.71440000000001,6.653875
2019-03-29,2.21440000000001,7.05220833333333
2019-03-30,1,NA
2019-03-30,1.71860000000004,6.95116666666667
2019-03-30,2.21860000000004,7.24558333333333
2019-03-31,1,NA
2019-03-31,1.721,7.24541666666667
2019-03-31,2.221,7.431
2019-04-01,1,NA
2019-04-01,1.72410000000002,7.2455
2019-04-01,2.22410000000002,7.54191666666667
2019-04-02,1,NA
2019-04-02,1.73040000000003,7.188625
2019-04-02,2.23040000000003,7.67266666666667
2019-04-03,1,NA
2019-04-03,1.73360000000002,7.50120833333333
2019-04-03,2.23360000000002,7.92104166666667
2019-04-04,1,NA
2019-04-04,1.7364,7.39083333333333
2019-04-04,2.2364,8.17408333333333
2019-04-05,1,NA
2019-04-05,1.74169999999998,6.04991666666667
2019-04-05,2.24169999999998,7.82904166666667
2019-04-06,1,NA
2019-04-06,1.74560000000002,6.08495833333333
2019-04-06,2.24560000000002,7.14358333333333
2019-04-07,1,NA
2019-04-07,1.75380000000001,6.19233333333333
2019-04-07,2.25380000000001,6.908
2019-04-08,1,NA
2019-04-08,1.76300000000003,6.758625
2019-04-08,2.26300000000003,7.26333333333333
2019-04-09,1,NA
2019-04-09,1.7672,8.080875
2019-04-09,2.2672,7.80920833333333
2019-04-10,1,NA
2019-04-10,1.76910000000004,7.9505
2019-04-10,2.26910000000004,7.76741666666667
2019-04-11,1,NA
2019-04-11,1.79939999999999,5.47616666666667
2019-04-11,2.29939999999999,5.42033333333333
2019-04-12,1,NA
2019-04-12,1.82460000000003,4.36066666666667
2019-04-12,2.32460000000003,4.301
2019-04-13,1,NA
2019-04-13,1.8245,4.49408333333333
2019-04-13,2.3245,4.40308333333333
2019-04-14,1,NA
2019-04-14,1.82470000000001,4.81033333333333
2019-04-14,2.32470000000001,4.69495833333333
2019-04-15,1,NA
2019-04-15,1.82510000000002,5.26575
2019-04-15,2.32510000000002,5.09308333333333
2019-04-16,1,NA
2019-04-16,1.8304,6.45575
2019-04-16,2.3304,5.62891666666667
2019-04-17,1,NA
2019-04-17,1.83960000000002,7.338125
2019-04-17,2.33960000000002,6.720875
2019-04-18,1,NA
2019-04-18,1.85550000000001,7.46025
2019-04-18,2.35550000000001,7.01325
2019-04-19,1,NA
2019-04-19,1.85830000000004,7.50470833333333
2019-04-19,2.35830000000004,7.21066666666667
2019-04-20,1,NA
2019-04-20,1.86070000000001,8.27958333333333
2019-04-20,2.36070000000001,7.6525
2019-04-21,1,NA
2019-04-21,1.8639,8.82154166666667
2019-04-21,2.3639,8.21854166666667
2019-04-22,1,NA
2019-04-22,1.86740000000003,9.98908333333333
2019-04-22,2.36740000000003,8.61283333333333
2019-04-23,1,NA
2019-04-23,1.88280000000003,9.73225
2019-04-23,2.38280000000003,9.05995833333333
2019-04-24,1,NA
2019-04-24,1.8852,11.2732083333333
2019-04-24,2.3852,9.681375
2019-04-25,1,NA
2019-04-25,1.88870000000003,11.5320833333333
2019-04-25,2.38870000000003,10.0341666666667
2019-04-26,1,NA
2019-04-26,1.89230000000003,12.2947083333333
2019-04-26,2.39230000000003,10.6229166666667
2019-04-27,1,NA
2019-04-27,1.89420000000001,11.9352916666667
2019-04-27,2.39420000000001,11.2085
2019-04-28,1,NA
2019-04-28,1.89710000000002,11.391
2019-04-28,2.39710000000002,11.0554583333333
2019-04-29,1,NA
2019-04-29,1.90360000000004,11.1901666666667
2019-04-29,2.40360000000004,10.9651666666667
2019-04-30,1,NA
2019-04-30,1.90770000000003,10.55475
2019-04-30,2.40770000000003,10.4763333333333
2019-05-01,1,NA
2019-05-01,1.9196,9.756625
2019-05-01,2.4196,9.62820833333333
2019-05-02,1,NA
2019-05-02,1.92570000000001,9.525375
2019-05-02,2.42570000000001,9.40420833333333
2019-05-03,1,NA
2019-05-03,1.93100000000004,9.87616666666667
2019-05-03,2.43100000000004,9.64645833333333
2019-05-04,1,NA
2019-05-04,1.93510000000003,10.6862916666667
2019-05-04,2.43510000000003,10.2555416666667
2019-05-05,1,NA
2019-05-05,1.94010000000003,11.2987916666667
2019-05-05,2.44010000000003,10.8895833333333
2019-05-06,1,NA
2019-05-06,1.94420000000002,12.0415416666667
2019-05-06,2.44420000000002,11.3274166666667
2019-05-07,1,NA
2019-05-07,1.94670000000002,13.5468333333333
2019-05-07,2.44670000000002,11.8312916666667
2019-05-08,1,NA
2019-05-08,1.95480000000003,12.8477916666667
2019-05-08,2.45480000000003,12.4698333333333
2019-05-09,1,NA
2019-05-09,1.97669999999999,11.6979583333333
2019-05-09,2.47669999999999,11.6039583333333
2019-05-10,1,NA
2019-05-10,1.9803,11.349625
2019-05-10,2.4803,11.2208333333333
2019-05-11,1,NA
2019-05-11,1.98310000000004,12.066375
2019-05-11,2.48310000000004,11.780625
2019-05-12,1,NA
2019-05-12,1.98660000000001,12.2615
2019-05-12,2.48660000000001,12.1224166666667
2019-05-13,1,NA
2019-05-13,1.99000000000001,12.5404583333333
2019-05-13,2.49000000000001,12.4145833333333
2019-05-14,1,NA
2019-05-14,1.99299999999999,13.1011666666667
2019-05-14,2.49299999999999,12.868125
2019-05-15,1,NA
2019-05-15,1.99799999999999,13.7175833333333
2019-05-15,2.49799999999999,13.391
2019-05-16,1,NA
2019-05-16,2.01050000000004,14.4094583333333
2019-05-16,2.51050000000004,13.868
2019-05-17,1,NA
2019-05-17,2.01670000000001,15.558375
2019-05-17,2.51670000000001,14.2975416666667
2019-05-18,1,NA
2019-05-18,2.02250000000004,15.8420416666667
2019-05-18,2.52250000000004,15.03825
2019-05-19,1,NA
2019-05-19,2.03810000000004,14.36525
2019-05-19,2.53810000000004,14.2654166666667
2019-05-20,1,NA
2019-05-20,2.0444,13.6667083333333
2019-05-20,2.5444,13.569625
2019-05-21,1,NA
2019-05-21,2.04390000000001,14.022
2019-05-21,2.54390000000001,13.852
2019-05-22,1,NA
2019-05-22,2.05029999999999,13.4975
2019-05-22,2.55029999999999,13.322125
2019-05-23,1,NA
2019-05-23,2.05330000000004,14.0337083333333
2019-05-23,2.55330000000004,13.5304583333333
2019-05-24,1,NA
2019-05-24,2.05619999999999,14.3474583333333
2019-05-24,2.55619999999999,14.0339166666667
2019-05-25,1,NA
2019-05-25,2.0652,14.6505
2019-05-25,2.5652,14.4831666666667
2019-05-26,1,NA
2019-05-26,2.06560000000002,15.5527916666667
2019-05-26,2.56560000000002,15.0165
2019-05-27,1,NA
2019-05-27,2.07760000000002,16.3705416666667
2019-05-27,2.57760000000002,15.5170416666667
2019-05-28,1,NA
2019-05-28,2.10520000000002,15.9953333333333
2019-05-28,2.60520000000002,15.7935416666667
2019-05-29,1,NA
2019-05-29,2.108,16.1940833333333
2019-05-29,2.608,15.9077916666667
2019-05-30,1,NA
2019-05-30,2.10830000000004,16.602
2019-05-30,2.60830000000004,16.2853333333333
2019-05-31,1,NA
2019-05-31,2.10840000000002,17.138625
2019-05-31,2.60840000000002,16.713125
2019-06-01,1,NA
2019-06-01,2.11169999999998,17.6202083333333
2019-06-01,2.61169999999998,16.9650833333333
2019-06-02,1,NA
2019-06-02,2.1139,17.994875
2019-06-02,2.6139,17.2079166666667
2019-06-03,1,NA
2019-06-03,2.11130000000003,18.5912916666667
2019-06-03,2.61130000000003,17.7360416666667
2019-06-04,1,NA
2019-06-04,2.11189999999999,18.8191666666667
2019-06-04,2.61189999999999,18.051375
2019-06-05,1,NA
2019-06-05,2.1198,19.0965416666667
2019-06-05,2.6198,18.1325
2019-06-06,1,NA
2019-06-06,2.12040000000002,19.6823333333333
2019-06-06,2.62040000000002,18.5505416666667
2019-06-07,1,NA
2019-06-07,2.12040000000002,20.3547083333333
2019-06-07,2.62040000000002,19.11925
2019-06-08,1,NA
2019-06-08,2.12,21.3642916666667
2019-06-08,2.62,19.63075
2019-06-09,1,NA
2019-06-09,2.11970000000002,21.9432083333333
2019-06-09,2.61970000000002,19.884375
2019-06-10,1,NA
2019-06-10,2.12299999999999,22.0325
2019-06-10,2.62299999999999,20.0700416666667
2019-06-11,1,NA
2019-06-11,2.12049999999999,21.7905833333333
2019-06-11,2.62049999999999,20.3805
2019-06-12,1,NA
2019-06-12,2.13749999999999,21.3140416666667
2019-06-12,2.63749999999999,20.3229166666667
2019-06-13,1,NA
2019-06-13,2.14420000000001,20.3535833333333
2019-06-13,2.64420000000001,20.1254583333333
2019-06-14,1,NA
2019-06-14,2.14710000000002,20.0213333333333
2019-06-14,2.64710000000002,19.7427083333333
2019-06-15,1,NA
2019-06-15,2.15620000000001,19.5852083333333
2019-06-15,2.65620000000001,19.223375
2019-06-16,1,NA
2019-06-16,2.16860000000003,18.7160416666667
2019-06-16,2.66860000000003,18.5694583333333
2019-06-17,1,NA
2019-06-17,2.17230000000001,18.496125
2019-06-17,2.67230000000001,18.1562916666667
2019-06-18,1,NA
2019-06-18,2.17470000000003,18.7487916666667
2019-06-18,2.67470000000003,18.1296666666667
2019-06-19,1,NA
2019-06-19,2.17599999999999,19.1600416666667
2019-06-19,2.67599999999999,18.3574166666667
2019-06-20,1,NA
2019-06-20,2.17590000000001,19.6395416666667
2019-06-20,2.67590000000001,18.7350833333333
2019-06-21,1,NA
2019-06-21,2.17540000000002,20.5365833333333
2019-06-21,2.67540000000002,19.0292083333333
2019-06-22,1,NA
2019-06-22,2.1748,21.1315416666667
2019-06-22,2.6748,19.3552083333333
2019-06-23,1,NA
2019-06-23,2.1746,21.3767083333333
2019-06-23,2.6746,19.5167083333333
2019-06-24,1,NA
2019-06-24,2.18450000000001,21.2752916666667
2019-06-24,2.68450000000001,19.35325
2019-06-25,1,NA
2019-06-25,2.19589999999999,21.0119166666667
2019-06-25,2.69589999999999,19.4364583333333
2019-06-26,1,NA
2019-06-26,2.1943,21.4335416666667
2019-06-26,2.6943,19.877625
2019-06-27,1,NA
2019-06-27,2.19960000000003,21.887
2019-06-27,2.69960000000003,20.136375
2019-06-28,1,NA
2019-06-28,2.23520000000002,22.5290833333333
2019-06-28,2.73520000000002,20.3002083333333
2019-06-29,1,NA
2019-06-29,2.2355,22.943375
2019-06-29,2.7355,20.5610833333333
2019-06-30,1,NA
2019-06-30,2.23650000000004,23.228
2019-06-30,2.73650000000004,20.563
2019-07-01,1,NA
2019-07-01,2.24150000000003,23.2891666666667
2019-07-01,2.74150000000003,20.40325
2019-07-02,1,NA
2019-07-02,2.26650000000001,23.5758333333333
2019-07-02,2.76650000000001,20.3774166666667
2019-07-03,1,NA
2019-07-03,2.26900000000001,23.8876666666667
2019-07-03,2.76900000000001,20.427125
2019-07-04,1,NA
2019-07-04,2.27480000000003,24.3192083333333
2019-07-04,2.77480000000003,20.5522083333333
2019-07-05,1,NA
2019-07-05,2.31450000000001,24.70675
2019-07-05,2.81450000000001,20.6444166666667
2019-07-06,1,NA
2019-07-06,2.31130000000002,25.087875
2019-07-06,2.81130000000002,20.7059583333333
2019-07-07,1,NA
2019-07-07,2.3066,25.3110416666667
2019-07-07,2.8066,20.7864583333333
2019-07-08,1,NA
2019-07-08,2.30549999999999,25.348375
2019-07-08,2.80549999999999,20.8955416666667
2019-07-09,1,NA
2019-07-09,2.30380000000002,25.5709166666667
2019-07-09,2.80380000000002,21.001875
2019-07-10,1,NA
2019-07-10,2.30410000000001,25.8101666666667
2019-07-10,2.80410000000001,21.0775416666667
2019-07-11,1,NA
2019-07-11,2.30110000000002,26.1682916666667
2019-07-11,2.80110000000002,21.2125416666667
2019-07-12,1,NA
2019-07-12,2.29849999999999,26.0849583333333
2019-07-12,2.79849999999999,21.4095416666667
2019-07-13,1,NA
2019-07-13,2.29820000000001,26.1154166666667
2019-07-13,2.79820000000001,21.489
2019-07-14,1,NA
2019-07-14,2.29720000000003,26.4653333333333
2019-07-14,2.79720000000003,21.5605416666667
2019-07-15,1,NA
2019-07-15,2.29750000000001,26.6169166666667
2019-07-15,2.79750000000001,21.5965
2019-07-16,1,NA
2019-07-16,2.30099999999999,26.987125
2019-07-16,2.80099999999999,21.6472083333333
2019-07-17,1,NA
2019-07-17,2.3064,27.2070833333333
2019-07-17,2.8064,21.699
2019-07-18,1,NA
2019-07-18,2.31020000000001,27.2930833333333
2019-07-18,2.81020000000001,21.686
2019-07-19,1,NA
2019-07-19,2.31810000000002,27.3526666666667
2019-07-19,2.81810000000002,21.7407916666667
2019-07-20,1,NA
2019-07-20,2.37370000000004,27.3822083333333
2019-07-20,2.87370000000004,21.7795833333333
2019-07-21,1,NA
2019-07-21,2.38210000000004,26.5150416666667
2019-07-21,2.88210000000004,21.79525
2019-07-22,1,NA
2019-07-22,2.3768,26.3125416666667
2019-07-22,2.8768,21.8032083333333
2019-07-23,1,NA
2019-07-23,2.37280000000004,26.066625
2019-07-23,2.87280000000004,21.833
2019-07-24,1,NA
2019-07-24,2.37040000000002,25.7805833333333
2019-07-24,2.87040000000002,21.906
2019-07-25,1,NA
2019-07-25,2.36799999999999,25.6934166666667
2019-07-25,2.86799999999999,21.947
2019-07-26,1,NA
2019-07-26,2.36990000000003,25.8292083333333
2019-07-26,2.86990000000003,21.985
2019-07-27,1,NA
2019-07-27,2.37080000000003,25.7025416666667
2019-07-27,2.87080000000003,21.99775
2019-07-28,1,NA
2019-07-28,2.37049999999999,25.67825
2019-07-28,2.87049999999999,22.052
2019-07-29,1,NA
2019-07-29,2.39089999999999,25.8393333333333
2019-07-29,2.89089999999999,22.0225
2019-07-30,1,NA
2019-07-30,2.38800000000003,25.7958333333333
2019-07-30,2.88800000000003,22.0440416666667
2019-07-31,1,NA
2019-07-31,2.3854,25.3656666666667
2019-07-31,2.8854,23.3816666666667
2019-08-01,1,NA
2019-08-01,2.38280000000003,25.4211666666667
2019-08-01,2.88280000000003,24.282125
2019-08-02,1,NA
2019-08-02,2.38260000000002,25.6478333333333
2019-08-02,2.88260000000002,24.1955833333333
2019-08-03,1,NA
2019-08-03,2.38260000000002,25.964
2019-08-03,2.88260000000002,24.2841666666667
2019-08-04,1,NA
2019-08-04,2.38260000000002,26.333875
2019-08-04,2.88260000000002,24.3715
2019-08-05,1,NA
2019-08-05,2.38800000000003,26.4885416666667
2019-08-05,2.88800000000003,24.34425
2019-08-06,1,NA
2019-08-06,2.40649999999999,26.1549583333333
2019-08-06,2.90649999999999,24.31925
2019-08-07,1,NA
2019-08-07,2.40710000000001,26.1113333333333
2019-08-07,2.90710000000001,24.39975
2019-08-08,1,NA
2019-08-08,2.4074,25.9062916666667
2019-08-08,2.9074,24.3595833333333
2019-08-09,1,NA
2019-08-09,2.39550000000003,25.3777916666667
2019-08-09,2.89550000000003,24.511375
2019-08-10,1,25.5427083333333
2019-08-10,2.38929999999999,25.201
2019-08-10,2.88929999999999,24.1784583333333
2019-08-11,1,25.28775
2019-08-11,2.40110000000004,25.071625
2019-08-11,2.90110000000004,23.922375
2019-08-12,1,25.2325
2019-08-12,2.40199999999999,24.882
2019-08-12,2.90199999999999,23.793
2019-08-13,1,25.2505833333333
2019-08-13,2.41290000000004,24.9395
2019-08-13,2.91290000000004,23.74
2019-08-14,1,24.6907916666667
2019-08-14,2.42220000000003,24.3503333333333
2019-08-14,2.92220000000003,23.87125
2019-08-15,1,24.437125
2019-08-15,2.41399999999999,24.0971666666667
2019-08-15,2.91399999999999,23.632
2019-08-16,1,24.0882916666667
2019-08-16,2.41570000000002,23.8803333333333
2019-08-16,2.91570000000002,23.366
2019-08-17,1,23.8877916666667
2019-08-17,2.41610000000003,23.5357083333333
2019-08-17,2.91610000000003,23.197
2019-08-18,1,23.9687916666667
2019-08-18,2.41560000000004,23.624
2019-08-18,2.91560000000004,22.953
2019-08-19,1,23.656
2019-08-19,2.41090000000003,23.2570833333333
2019-08-19,2.91090000000003,22.939
2019-08-20,1,23.830375
2019-08-20,2.40950000000004,23.358
2019-08-20,2.90950000000004,22.73875
2019-08-21,1,24.123625
2019-08-21,2.4076,23.5104166666667
2019-08-21,2.9076,22.632
2019-08-22,1,23.581625
2019-08-22,2.40440000000001,23.3932083333333
2019-08-22,2.90440000000001,22.616
2019-08-23,1,23.2265416666667
2019-08-23,2.40129999999999,22.7944583333333
2019-08-23,2.90129999999999,22.522
2019-08-24,1,23.0314166666667
2019-08-24,2.39800000000002,22.5848333333333
2019-08-24,2.89800000000002,22.2699166666667
2019-08-25,1,22.6448333333333
2019-08-25,2.39530000000002,22.4552916666667
2019-08-25,2.89530000000002,22.113
2019-08-26,1,22.0854166666667
2019-08-26,2.39699999999999,22.0275833333333
2019-08-26,2.89699999999999,21.91775
2019-08-27,1,21.9040833333333
2019-08-27,2.3999,21.6332916666667
2019-08-27,2.8999,21.443375
2019-08-28,1,21.3349583333333
2019-08-28,2.39769999999999,21.2652916666667
2019-08-28,2.89769999999999,21.1113333333333
2019-08-29,1,20.9752083333333
2019-08-29,2.39440000000002,20.653375
2019-08-29,2.89440000000002,20.4598333333333
2019-08-30,1,20.8769583333333
2019-08-30,2.39109999999999,20.4162916666667
2019-08-30,2.89109999999999,20.146375
2019-08-31,1,20.6524166666667
2019-08-31,2.38760000000002,20.33475
2019-08-31,2.88760000000002,19.8675416666667
2019-09-01,1,20.442
2019-09-01,2.38480000000004,20.0996666666667
2019-09-01,2.88480000000004,19.761625
2019-09-02,1,21.0855833333333
2019-09-02,2.38260000000002,20.1930416666667
2019-09-02,2.88260000000002,19.6466666666667
2019-09-03,1,21.2643333333333
2019-09-03,2.39680000000004,20.327875
2019-09-03,2.89680000000004,19.7319583333333
2019-09-04,1,20.5184166666667
2019-09-04,2.39750000000004,20.3635833333333
2019-09-04,2.89750000000004,19.8260833333333
2019-09-05,1,20.2864166666667
2019-09-05,2.40160000000003,19.818125
2019-09-05,2.90160000000003,19.6695833333333
2019-09-06,1,20.3585833333333
2019-09-06,2.39930000000004,19.8747083333333
2019-09-06,2.89930000000004,19.450125
2019-09-07,1,20.0174166666667
2019-09-07,2.39780000000002,19.79525
2019-09-07,2.89780000000002,19.5049166666667
2019-09-08,1,19.5732916666667
2019-09-08,2.39300000000003,19.45325
2019-09-08,2.89300000000003,19.2670416666667
2019-09-09,1,18.97575
2019-09-09,2.39480000000003,18.9142083333333
2019-09-09,2.89480000000003,18.8002916666667
2019-09-10,1,19.0956666666667
2019-09-10,2.42770000000002,18.637875
2019-09-10,2.92770000000002,18.4248333333333
2019-09-11,1,19.8845
2019-09-11,2.44,19.0201666666667
2019-09-11,2.94,18.419
2019-09-12,1,18.8260833333333
2019-09-12,2.44670000000002,18.7507916666667
2019-09-12,2.94670000000002,18.4584583333333
2019-09-13,1,18.5744166666667
2019-09-13,2.46160000000003,18.4652916666667
2019-09-13,2.96160000000003,18.3455833333333
2019-09-14,1,18.5802916666667
2019-09-14,2.4563,18.16225
2019-09-14,2.9563,17.9979166666667
2019-09-15,1,19.1916666666667
2019-09-15,2.45570000000004,18.182
2019-09-15,2.95570000000004,17.9393333333333
2019-09-16,1,19.6109166666667
2019-09-16,2.45350000000002,18.291125
2019-09-16,2.95350000000002,18.0105416666667
2019-09-17,1,20.7701666666667
2019-09-17,2.4504,18.5080416666667
2019-09-17,2.9504,18.1046666666667
2019-09-18,1,21.012125
2019-09-18,2.44710000000003,18.760625
2019-09-18,2.94710000000003,18.20375
2019-09-19,1,21.492125
2019-09-19,2.44670000000002,18.939875
2019-09-19,2.94670000000002,18.268
2019-09-20,1,21.81875
2019-09-20,2.44659999999999,19.0934583333333
2019-09-20,2.94659999999999,18.329625
2019-09-21,1,21.9429583333333
2019-09-21,2.44620000000003,19.2164166666667
2019-09-21,2.94620000000003,18.385
2019-09-22,1,21.7716666666667
2019-09-22,2.45580000000001,19.2699583333333
2019-09-22,2.95580000000001,18.402
2019-09-23,1,20.7120416666667
2019-09-23,2.45910000000003,19.34625
2019-09-23,2.95910000000003,18.4455
2019-09-24,1,20.435125
2019-09-24,2.45570000000004,19.912125
2019-09-24,2.95570000000004,18.5435833333333
2019-09-25,1,20.5740416666667
2019-09-25,2.45640000000003,19.7437916666667
2019-09-25,2.95640000000003,18.6139166666667
2019-09-26,1,19.694125
2019-09-26,2.4504,19.51075
2019-09-26,2.9504,18.791375
2019-09-27,1,19.1530416666667
2019-09-27,2.46120000000002,19.083625
2019-09-27,2.96120000000002,18.8577916666667
2019-09-28,1,18.8012916666667
2019-09-28,2.45930000000004,18.6002083333333
2019-09-28,2.95930000000004,18.4247083333333
2019-09-29,1,17.8640416666667
2019-09-29,2.45820000000003,17.8135
2019-09-29,2.95820000000003,17.72325
2019-09-30,1,17.7134583333333
2019-09-30,2.4588,17.3180833333333
2019-09-30,2.9588,17.1296666666667
2019-10-01,1,18.2761666666667
2019-10-01,2.47000000000003,17.416125
2019-10-01,2.97000000000003,17.112
2019-10-02,1,17.7143333333333
2019-10-02,2.49530000000004,17.5043333333333
2019-10-02,2.99530000000004,17.1443333333333
2019-10-03,1,16.679375
2019-10-03,2.50080000000003,16.6187083333333
2019-10-03,3.00080000000003,16.5116666666667
2019-10-04,1,15.9874166666667
2019-10-04,2.49279999999999,15.9127916666667
2019-10-04,2.99279999999999,15.8015416666667
2019-10-05,1,15.1219583333333
2019-10-05,2.4957,15.059125
2019-10-05,2.9957,14.9726666666667
2019-10-06,1,14.80525
2019-10-06,2.50139999999999,14.64375
2019-10-06,3.00139999999999,14.447125
2019-10-07,1,14.7593333333333
2019-10-07,2.49780000000004,14.541
2019-10-07,2.99780000000004,14.3992083333333
2019-10-08,1,14.84775
2019-10-08,2.4948,14.3813333333333
2019-10-08,2.9948,14.2047916666667
2019-10-09,1,14.87975
2019-10-09,2.4923,14.468125
2019-10-09,2.9923,14.2118333333333
2019-10-10,1,14.7804583333333
2019-10-10,2.49000000000001,14.6955833333333
2019-10-10,2.99000000000001,14.5377916666667
2019-10-11,1,14.747375
2019-10-11,2.49290000000002,14.6865833333333
2019-10-11,2.99290000000002,14.5927083333333
2019-10-12,1,13.4220416666667
2019-10-12,2.49189999999999,13.3589166666667
2019-10-12,2.99189999999999,13.2535833333333
2019-10-13,1,12.2542083333333
2019-10-13,2.4896,12.19075
2019-10-13,2.9896,12.0444583333333
2019-10-14,1,11.5178333333333
2019-10-14,2.48900000000003,11.2582916666667
2019-10-14,2.98900000000003,11.1161666666667
2019-10-15,1,10.9448333333333
2019-10-15,2.48869999999999,10.8735833333333
2019-10-15,2.98869999999999,10.7698333333333
2019-10-16,1,10.5802916666667
2019-10-16,2.48700000000002,10.5099583333333
2019-10-16,2.98700000000002,10.405
2019-10-17,1,10.459
2019-10-17,2.4862,10.36825
2019-10-17,2.9862,10.2834583333333
2019-10-18,1,10.2844166666667
2019-10-18,2.4862,10.2017083333333
2019-10-18,2.9862,10.09025
2019-10-19,1,10.2110833333333
2019-10-19,2.48849999999999,10.0802083333333
2019-10-19,2.98849999999999,9.99733333333333
2019-10-20,1,10.4057916666667
2019-10-20,2.49209999999999,10.1782083333333
2019-10-20,2.99209999999999,10.0820833333333
2019-10-21,1,10.4895833333333
2019-10-21,2.4982,10.352875
2019-10-21,2.9982,10.256
2019-10-22,1,10.2028333333333
2019-10-22,2.51010000000002,10.1558333333333
2019-10-22,3.01010000000002,10.0750416666667
2019-10-23,1,9.88783333333333
2019-10-23,2.50790000000001,9.783125
2019-10-23,3.00790000000001,9.64166666666667
2019-10-24,1,9.50508333333333
2019-10-24,2.50389999999999,9.449375
2019-10-24,3.00389999999999,9.36604166666667
2019-10-25,1,9.12208333333333
2019-10-25,2.5009,8.98608333333333
2019-10-25,3.0009,8.881625
2019-10-26,1,8.657375
2019-10-26,2.49850000000004,8.58691666666667
2019-10-26,2.99850000000004,8.48533333333333
2019-10-27,1,8.55054166666667
2019-10-27,2.49900000000002,8.3765
2019-10-27,2.99900000000002,8.25729166666667
2019-10-28,1,8.282125
2019-10-28,2.4984,8.21879166666667
2019-10-28,2.9984,8.135625
2019-10-29,1,7.93666666666667
2019-10-29,2.4984,7.86583333333333
2019-10-29,2.9984,7.756375
2019-10-30,1,7.52420833333333
2019-10-30,2.49560000000002,7.43208333333333
2019-10-30,2.99560000000002,7.33775
2019-10-31,1,6.96575
2019-10-31,2.49580000000003,6.91108333333333
2019-10-31,2.99580000000003,6.82679166666667
2019-11-01,1,6.23716666666667
2019-11-01,2.49530000000004,6.14683333333333
2019-11-01,2.99530000000004,6.03645833333333
2019-11-02,1,5.87875
2019-11-02,2.49810000000002,5.821125
2019-11-02,2.99810000000002,5.74554166666667
2019-11-03,1,5.45158333333333
2019-11-03,2.4984,5.39183333333333
2019-11-03,2.9984,5.31679166666667
2019-11-04,1,5.407625
2019-11-04,2.49850000000004,5.35216666666667
2019-11-04,2.99850000000004,5.27608333333333
2019-11-05,1,5.09970833333333
2019-11-05,2.49780000000004,5.03520833333333
2019-11-05,2.99780000000004,4.951125
2019-11-06,1,4.51141666666667
2019-11-06,2.4984,4.45941666666667
2019-11-06,2.9984,4.37383333333333
2019-11-07,1,4.00825
2019-11-07,2.49780000000004,3.97679166666667
2019-11-07,2.99780000000004,3.93420833333333
2019-11-08,1,3.47408333333333
2019-11-08,2.49530000000004,3.72554166666667
2019-11-08,2.99530000000004,3.71475
2019-11-09,1,3.68616666666667
2019-11-09,2.4957,3.76616666666667
2019-11-09,2.9957,3.80758333333333
2019-11-10,1,3.70579166666667
2019-11-10,2.49830000000003,3.705875
2019-11-10,2.99830000000003,3.71020833333333
2019-11-11,1,3.3465
2019-11-11,2.49560000000002,3.32354166666667
2019-11-11,2.99560000000002,3.29491666666667
2019-11-12,1,2.59345833333333
2019-11-12,2.49240000000003,3.06004166666667
2019-11-12,2.99240000000003,3.23779166666667
2019-11-13,1,2.54566666666667
2019-11-13,2.49299999999999,3.357875
2019-11-13,2.99299999999999,3.906875
2019-11-14,1,2.546875
2019-11-14,2.49530000000004,3.31716666666667
2019-11-14,2.99530000000004,4.17104166666667
2019-11-15,1,2.58258333333333
2019-11-15,2.49459999999999,3.51295833333333
2019-11-15,2.99459999999999,4.41175
2019-11-16,1,2.63829166666667
2019-11-16,2.4923,3.66754166666667
2019-11-16,2.9923,4.864875
2019-11-17,1,2.74566666666667
2019-11-17,2.49290000000002,3.77804166666667
2019-11-17,2.99290000000002,5.17283333333333
2019-11-18,1,2.79895833333333
2019-11-18,2.49530000000004,3.89179166666667
2019-11-18,2.99530000000004,5.29425
2019-11-19,1,2.868875
2019-11-19,2.49530000000004,4.01841666666667
2019-11-19,2.99530000000004,5.4355
2019-11-20,1,3.0315
2019-11-20,2.49530000000004,4.13170833333333
2019-11-20,2.99530000000004,5.47504166666667
2019-11-21,1,3.17170833333333
2019-11-21,2.51320000000004,4.101125
2019-11-21,3.01320000000004,5.365
2019-11-22,1,3.36966666666667
2019-11-22,2.51420000000002,4.227375
2019-11-22,3.01420000000002,5.40683333333333
2019-11-23,1,3.69891666666667
2019-11-23,2.51370000000003,4.092375
2019-11-23,3.01370000000003,5.32966666666667
2019-11-24,1,4.035875
2019-11-24,2.51370000000003,4.122875
2019-11-24,3.01370000000003,5.15045833333333
2019-11-25,1,4.30016666666667
2019-11-25,2.5138,4.06395833333333
2019-11-25,3.0138,4.95245833333333
2019-11-26,1,4.38575
2019-11-26,2.51370000000003,4.12283333333333
2019-11-26,3.01370000000003,4.97616666666667
2019-11-27,1,4.41283333333333
2019-11-27,2.53440000000001,4.143625
2019-11-27,3.03440000000001,4.98054166666667
2019-11-28,1,4.49625
2019-11-28,2.52950000000004,4.07816666666667
2019-11-28,3.02950000000004,4.97291666666667
2019-11-29,1,4.60783333333333
2019-11-29,2.5258,4.19270833333333
2019-11-29,3.0258,5.07491666666667
2019-11-30,1,4.60025
2019-11-30,2.5292,4.31858333333333
2019-11-30,3.0292,5.143
2019-12-01,1,4.55041666666667
2019-12-01,2.5437,4.43558333333333
2019-12-01,3.0437,5.17716666666667
2019-12-02,1,4.59483333333333
2019-12-02,2.54050000000001,4.56016666666667
2019-12-02,3.04050000000001,5.24179166666667
2019-12-03,1,4.66958333333333
2019-12-03,2.53800000000001,4.60566666666667
2019-12-03,3.03800000000001,5.30370833333333
2019-12-04,1,4.72266666666667
2019-12-04,2.53739999999999,4.66525
2019-12-04,3.03739999999999,5.34045833333333
2019-12-05,1,4.77029166666667
2019-12-05,2.53250000000003,4.74975
2019-12-05,3.03250000000003,5.40991666666667
2019-12-06,1,4.85320833333333
2019-12-06,2.52879999999999,4.86933333333333
2019-12-06,3.02879999999999,5.49004166666667
2019-12-07,1,4.93179166666667
2019-12-07,2.52530000000002,4.99320833333333
2019-12-07,3.02530000000002,5.492375
2019-12-08,1,4.89729166666667
2019-12-08,2.52320000000003,5.235375
2019-12-08,3.02320000000003,5.51375
2019-12-09,1,4.75841666666667
2019-12-09,2.52550000000002,5.26208333333333
2019-12-09,3.02550000000002,5.59704166666667
2019-12-10,1,4.61325
2019-12-10,2.52350000000001,5.04708333333333
2019-12-10,3.02350000000001,5.38404166666667
2019-12-11,1,4.2925
2019-12-11,2.52019999999999,4.87275
2019-12-11,3.02019999999999,5.20925
2019-12-12,1,4.07066666666667
2019-12-12,2.51960000000003,4.7335
2019-12-12,3.01960000000003,5.05025
2019-12-13,1,4.06115384615385
2019-12-13,2.5197,4.648
2019-12-13,3.0197,4.935
