time,flow
2012-01-01,0.0135859941147524
2012-01-02,0.0135834276498021
2012-01-03,0.0135809599432857
2012-01-04,0.0135786897536367
2012-01-05,0.0135767158392889
2012-01-06,0.0135751369586762
2012-01-07,0.0135740518702321
2012-01-08,0.0135735593323906
2012-01-09,0.0135737581035852
2012-01-10,0.0135747469422499
2012-01-11,0.0135766246068182
2012-01-12,0.013579489855724
2012-01-13,0.013583441447401
2012-01-14,0.013588578140283
2012-01-15,0.0135949986928036
2012-01-16,0.0136028018633967
2012-01-17,0.013612086410496
2012-01-18,0.0136229510925352
2012-01-19,0.0136354946679481
2012-01-20,0.0136498158951685
2012-01-21,0.01366601353263
2012-01-22,0.0136841863387664
2012-01-23,0.0137044330720115
2012-01-24,0.013726852490799
2012-01-25,0.0137515433535627
2012-01-26,0.0137786044187362
2012-01-27,0.0138081344447534
2012-01-28,0.0138402321900481
2012-01-29,0.0138749964130538
2012-01-30,0.0139125258722044
2012-01-31,0.0139529193259337
2012-02-01,0.0139962755326754
2012-02-02,0.014042613868775
2012-02-03,0.0140916361822254
2012-02-04,0.0141429649389315
2012-02-05,0.0141962226047978
2012-02-06,0.0142510316457293
2012-02-07,0.0143070145276305
2012-02-08,0.0143637937164062
2012-02-09,0.0144209916779612
2012-02-10,0.0144782308782001
2012-02-11,0.0145351337830278
2012-02-12,0.0145913228583489
2012-02-13,0.0146464205700681
2012-02-14,0.0147000493840903
2012-02-15,0.0147518317663201
2012-02-16,0.0148013901826623
2012-02-17,0.0148483470990216
2012-02-18,0.0148923249813027
2012-02-19,0.0149329462954104
2012-02-20,0.0149698335072493
2012-02-21,0.0150026090827243
2012-02-22,0.0150308954877401
2012-02-23,0.0150543151882013
2012-02-24,0.0150724906500128
2012-02-25,0.0150850443390792
2012-02-26,0.0150915987213053
2012-02-27,0.0150917762625959
2012-02-28,0.0150851994288555
2012-02-29,0.0150714906859891
2012-03-01,0.0150502724999013
2012-03-02,0.0150213096397334
2012-03-03,0.0149849360875731
2012-03-04,0.0149416281287446
2012-03-05,0.0148918620485723
2012-03-06,0.0148361141323804
2012-03-07,0.0147748606654932
2012-03-08,0.0147085779332349
2012-03-09,0.0146377422209297
2012-03-10,0.014562829813902
2012-03-11,0.014484316997476
2012-03-12,0.014402680056976
2012-03-13,0.0143183952777262
2012-03-14,0.0142319389450509
2012-03-15,0.0141437873442743
2012-03-16,0.0140544167607208
2012-03-17,0.0139643034797146
2012-03-18,0.0138739237865799
2012-03-19,0.013783753966641
2012-03-20,0.0136942703052221
2012-03-21,0.0136059490876476
2012-03-22,0.0135192665992417
2012-03-23,0.0134346991253287
2012-03-24,0.0133527229512328
2012-03-25,0.0132738143622782
2012-03-26,0.0131984496437893
2012-03-27,0.0131271050810903
2012-03-28,0.0130602569595055
2012-03-29,0.0129983815643591
2012-03-30,0.0129419551809754
2012-03-31,0.0128914540946786
2012-04-01,0.0128473545907931
2012-04-02,0.0128099717222376
2012-04-03,0.012778975612309
2012-04-04,0.0127538751518988
2012-04-05,0.0127341792318986
2012-04-06,0.0127193967431997
2012-04-07,0.0127090365766936
2012-04-08,0.0127026076232718
2012-04-09,0.0126996187738257
2012-04-10,0.0126995789192469
2012-04-11,0.0127019969504268
2012-04-12,0.0127063817582568
2012-04-13,0.0127122422336285
2012-04-14,0.0127190872674333
2012-04-15,0.0127264257505626
2012-04-16,0.012733766573908
2012-04-17,0.0127406186283609
2012-04-18,0.0127464908048127
2012-04-19,0.012750891994155
2012-04-20,0.0127533310872792
2012-04-21,0.0127533169750768
2012-04-22,0.0127503585484392
2012-04-23,0.0127439646982579
2012-04-24,0.0127336443154245
2012-04-25,0.0127189062908302
2012-04-26,0.0126992595153667
2012-04-27,0.0126742128799254
2012-04-28,0.0126432752753977
2012-04-29,0.0126059555926752
2012-04-30,0.0125617627226492
2012-05-01,0.0125102055562113
2012-05-02,0.0124509675833091
2012-05-03,0.0123844306901151
2012-05-04,0.0123111513618578
2012-05-05,0.0122316860837659
2012-05-06,0.012146591341068
2012-05-07,0.0120564236189927
2012-05-08,0.0119617394027687
2012-05-09,0.0118630951776245
2012-05-10,0.0117610474287887
2012-05-11,0.0116561526414901
2012-05-12,0.0115489673009571
2012-05-13,0.0114400478924184
2012-05-14,0.0113299509011027
2012-05-15,0.0112192328122386
2012-05-16,0.0111084501110546
2012-05-17,0.0109981592827794
2012-05-18,0.0108889168126416
2012-05-19,0.0107812791858698
2012-05-20,0.0106758028876926
2012-05-21,0.0105730444033387
2012-05-22,0.0104735602180367
2012-05-23,0.0103779068170152
2012-05-24,0.0102866406855027
2012-05-25,0.010200318308728
2012-05-26,0.0101194961719196
2012-05-27,0.0100447307603062
2012-05-28,0.00997657855911638
2012-05-29,0.00991559605357873
2012-05-30,0.00986233972892189
2012-05-31,0.00981736607037447
2012-06-01,0.00978123156316509
2012-06-02,0.00975431428869834
2012-06-03,0.00973627871308261
2012-06-04,0.00972661089860226
2012-06-05,0.00972479690754168
2012-06-06,0.00973032280218521
2012-06-07,0.00974267464481723
2012-06-08,0.0097613384977221
2012-06-09,0.00978580042318418
2012-06-10,0.00981554648348785
2012-06-11,0.00985006274091746
2012-06-12,0.00988883525775739
2012-06-13,0.00993135009629199
2012-06-14,0.00997709331880563
2012-06-15,0.0100255509875827
2012-06-16,0.0100762091649075
2012-06-17,0.0101285539130645
2012-06-18,0.0101820712943379
2012-06-19,0.0102362473710122
2012-06-20,0.0102905682053718
2012-06-21,0.010344519859701
2012-06-22,0.0103975883962841
2012-06-23,0.0104492598774055
2012-06-24,0.0104990203653497
2012-06-25,0.0105463559224009
2012-06-26,0.0105907526108435
2012-06-27,0.0106316964929619
2012-06-28,0.0106686736310405
2012-06-29,0.0107011700873636
2012-06-30,0.0107286719242155
2012-07-01,0.0107506652038807
2012-07-02,0.0107667768670054
2012-07-03,0.0107771973676831
2012-07-04,0.0107822580383693
2012-07-05,0.0107822902115195
2012-07-06,0.0107776252195889
2012-07-07,0.0107685943950332
2012-07-08,0.0107555290703076
2012-07-09,0.0107387605778677
2012-07-10,0.0107186202501689
2012-07-11,0.0106954394196666
2012-07-12,0.0106695494188163
2012-07-13,0.0106412815800733
2012-07-14,0.0106109672358931
2012-07-15,0.0105789377187312
2012-07-16,0.010545524361043
2012-07-17,0.0105110584952838
2012-07-18,0.0104758714539092
2012-07-19,0.0104402945693746
2012-07-20,0.0104046591741354
2012-07-21,0.0103692966006471
2012-07-22,0.010334538181365
2012-07-23,0.0103007152487447
2012-07-24,0.0102681591352414
2012-07-25,0.0102372011733108
2012-07-26,0.0102081726954082
2012-07-27,0.010181405033989
2012-07-28,0.0101572295215087
2012-07-29,0.0101359774904227
2012-07-30,0.0101179802731864
2012-07-31,0.0101035692022554
2012-08-01,0.0100930756100849
2012-08-02,0.0100867477859198
2012-08-03,0.0100845018461624
2012-08-04,0.0100861708640041
2012-08-05,0.0100915879126365
2012-08-06,0.0101005860652512
2012-08-07,0.0101129983950398
2012-08-08,0.0101286579751938
2012-08-09,0.0101473978789047
2012-08-10,0.0101690511793642
2012-08-11,0.0101934509497638
2012-08-12,0.0102204302632951
2012-08-13,0.0102498221931495
2012-08-14,0.0102814598125188
2012-08-15,0.0103151761945944
2012-08-16,0.0103508044125679
2012-08-17,0.0103881775396309
2012-08-18,0.0104271286489749
2012-08-19,0.0104674908137916
2012-08-20,0.0105090971072723
2012-08-21,0.0105517806026088
2012-08-22,0.0105953743729926
2012-08-23,0.0106397114916152
2012-08-24,0.0106846250316682
2012-08-25,0.0107299480663431
2012-08-26,0.0107755136688316
2012-08-27,0.0108211549123252
2012-08-28,0.0108667048700155
2012-08-29,0.0109119966150939
2012-08-30,0.0109568632207521
2012-08-31,0.0110011377601817
2012-09-01,0.0110446533065741
2012-09-02,0.0110872641144055
2012-09-03,0.0111289091632894
2012-09-04,0.011169548614124
2012-09-05,0.0112091426278074
2012-09-06,0.0112476513652378
2012-09-07,0.0112850349873132
2012-09-08,0.0113212536549318
2012-09-09,0.0113562675289917
2012-09-10,0.011390036770391
2012-09-11,0.0114225215400279
2012-09-12,0.0114536819988004
2012-09-13,0.0114834783076067
2012-09-14,0.0115118706273449
2012-09-15,0.0115388191189132
2012-09-16,0.0115642839432095
2012-09-17,0.0115882252611322
2012-09-18,0.0116106032335792
2012-09-19,0.0116313780214487
2012-09-20,0.0116505097856388
2012-09-21,0.0116679586870477
2012-09-22,0.0116836848865734
2012-09-23,0.0116976485451141
2012-09-24,0.0117098098235679
2012-09-25,0.0117201288828329
2012-09-26,0.0117285658838073
2012-09-27,0.0117350809873892
2012-09-28,0.0117396343544766
2012-09-29,0.0117421861459677
2012-09-30,0.0117426965227606
2012-10-01,0.0117411256457535
2012-10-02,0.011737461610331
2012-10-03,0.011731804249824
2012-10-04,0.0117242813320499
2012-10-05,0.0117150206248262
2012-10-06,0.0117041498959702
2012-10-07,0.0116917969132995
2012-10-08,0.0116780894446314
2012-10-09,0.0116631552577834
2012-10-10,0.0116471221205729
2012-10-11,0.0116301178008173
2012-10-12,0.011612270066334
2012-10-13,0.0115937066849406
2012-10-14,0.0115745554244544
2012-10-15,0.0115549440526928
2012-10-16,0.0115350003374733
2012-10-17,0.0115148520466134
2012-10-18,0.0114946269479303
2012-10-19,0.0114744528092417
2012-10-20,0.0114544573983648
2012-10-21,0.0114347684831172
2012-10-22,0.0114155138313162
2012-10-23,0.0113968212107794
2012-10-24,0.011378818389324
2012-10-25,0.0113616331347676
2012-10-26,0.0113453932149276
2012-10-27,0.0113302263976214
2012-10-28,0.0113162604506664
2012-10-29,0.0113036231418801
2012-10-30,0.0112924422390799
2012-10-31,0.0112828455100833
2012-11-01,0.0112749607227076
2012-11-02,0.0112688827038972
2012-11-03,0.0112645745171045
2012-11-04,0.0112619662849085
2012-11-05,0.0112609881298885
2012-11-06,0.0112615701746238
2012-11-07,0.0112636425416934
2012-11-08,0.0112671353536766
2012-11-09,0.0112719787331526
2012-11-10,0.0112781028027006
2012-11-11,0.0112854376848998
2012-11-12,0.0112939135023294
2012-11-13,0.0113034603775687
2012-11-14,0.0113140084331967
2012-11-15,0.0113254877917927
2012-11-16,0.0113378285759359
2012-11-17,0.0113509609082055
2012-11-18,0.0113648149111807
2012-11-19,0.0113793207074408
2012-11-20,0.0113944084195648
2012-11-21,0.0114100081701321
2012-11-22,0.0114260500817217
2012-11-23,0.011442464276913
2012-11-24,0.0114591808782851
2012-11-25,0.0114761300084172
2012-11-26,0.0114932417898885
2012-11-27,0.0115104463452782
2012-11-28,0.0115276737971655
2012-11-29,0.0115448542681296
2012-11-30,0.0115619178807498
2012-12-01,0.0115787947576052
2012-12-02,0.0115954225984246
2012-12-03,0.0116117694115352
2012-12-04,0.0116278107824139
2012-12-05,0.0116435222965375
2012-12-06,0.0116588795393828
2012-12-07,0.0116738580964266
2012-12-08,0.0116884335531457
2012-12-09,0.011702581495017
2012-12-10,0.0117162775075173
2012-12-11,0.0117294971761234
2012-12-12,0.0117422160863122
2012-12-13,0.0117544098235604
2012-12-14,0.0117660539733449
2012-12-15,0.0117771241211424
2012-12-16,0.0117875958524299
2012-12-17,0.0117974447526841
2012-12-18,0.0118066464073819
2012-12-19,0.0118151764020001
2012-12-20,0.0118230103220154
2012-12-21,0.0118301237529048
2012-12-22,0.0118364922801451
2012-12-23,0.0118420914892129
2012-12-24,0.0118468969655853
2012-12-25,0.011850884294739
2012-12-26,0.0118540290621508
2012-12-27,0.0118563068532976
2012-12-28,0.0118576932536562
2012-12-29,0.0118581638487033
2012-12-30,0.0118576942239158
2012-12-31,0.0118562599647706
2013-01-01,0.0118538366567445
2013-01-02,0.0118504344668812
2013-01-03,0.0118462018884922
2013-01-04,0.0118413219964562
2013-01-05,0.0118359778656516
2013-01-06,0.0118303525709569
2013-01-07,0.0118246291872506
2013-01-08,0.0118189907894112
2013-01-09,0.0118136204523174
2013-01-10,0.0118087012508474
2013-01-11,0.01180441625988
2013-01-12,0.0118009485542935
2013-01-13,0.0117984812089665
2013-01-14,0.0117971972987776
2013-01-15,0.0117972798986051
2013-01-16,0.0117989120833277
2013-01-17,0.0118022769278238
2013-01-18,0.0118075575069719
2013-01-19,0.0118149368956506
2013-01-20,0.0118245981687384
2013-01-21,0.0118367244011137
2013-01-22,0.0118514986676552
2013-01-23,0.0118691040432412
2013-01-24,0.0118897236027503
2013-01-25,0.011913540421061
2013-01-26,0.0119407375730519
2013-01-27,0.0119714981336014
2013-01-28,0.0120060051775881
2013-01-29,0.0120444417798904
2013-01-30,0.0120869910153869
2013-01-31,0.012133835958956
2013-02-01,0.0121851596854764
2013-02-02,0.0122410513855884
2013-02-03,0.0123012247129803
2013-02-04,0.0123652994371024
2013-02-05,0.0124328953274049
2013-02-06,0.0125036321533381
2013-02-07,0.0125771296843521
2013-02-08,0.0126530076898972
2013-02-09,0.0127308859394236
2013-02-10,0.0128103842023816
2013-02-11,0.0128911222482214
2013-02-12,0.0129727198463933
2013-02-13,0.0130547967663474
2013-02-14,0.013136972777534
2013-02-15,0.0132188676494033
2013-02-16,0.0133001011514056
2013-02-17,0.0133802930529911
2013-02-18,0.0134590631236101
2013-02-19,0.0135360311327127
2013-02-20,0.0136108168497492
2013-02-21,0.0136830400441699
2013-02-22,0.0137523204854249
2013-02-23,0.0138182779429645
2013-02-24,0.013880532186239
2013-02-25,0.0139387029846985
2013-02-26,0.0139924101077933
2013-02-27,0.0140412733249737
2013-02-28,0.0140849124056898
2013-03-01,0.014122947119392
2013-03-02,0.0141550649032495
2013-03-03,0.0141812238653086
2013-03-04,0.0142014497813343
2013-03-05,0.014215768427092
2013-03-06,0.0142242055783469
2013-03-07,0.0142267870108642
2013-03-08,0.0142235385004092
2013-03-09,0.0142144858227472
2013-03-10,0.0141996547536432
2013-03-11,0.0141790710688627
2013-03-12,0.0141527605441708
2013-03-13,0.0141207489553328
2013-03-14,0.0140830620781139
2013-03-15,0.0140397256882794
2013-03-16,0.0139907655615945
2013-03-17,0.0139362074738244
2013-03-18,0.0138760772007344
2013-03-19,0.0138104005180897
2013-03-20,0.0137392032016555
2013-03-21,0.0136625110271972
2013-03-22,0.0135803497704799
2013-03-23,0.0134927452072688
2013-03-24,0.0133997231133293
2013-03-25,0.0133013092644266
2013-03-26,0.0131975294363258
2013-03-27,0.0130884094047923
2013-03-28,0.0129739749455913
2013-03-29,0.0128542518344879
2013-03-30,0.0127292658472476
2013-03-31,0.0125990427596354
2013-04-01,0.0124636083474167
2013-04-02,0.0123230751621594
2013-04-03,0.0121779028586428
2013-04-04,0.0120286378674487
2013-04-05,0.0118758266191592
2013-04-06,0.0117200155443561
2013-04-07,0.0115617510736214
2013-04-08,0.0114015796375371
2013-04-09,0.0112400476666852
2013-04-10,0.0110777015916474
2013-04-11,0.0109150878430059
2013-04-12,0.0107527528513426
2013-04-13,0.0105912430472393
2013-04-14,0.0104311048612781
2013-04-15,0.0102728847240409
2013-04-16,0.0101171290661097
2013-04-17,0.00996438431806632
2013-04-18,0.00981519691049281
2013-04-19,0.00967011327397109
2013-04-20,0.00952967983908311
2013-04-21,0.00939444303641081
2013-04-22,0.00926494929653615
2013-04-23,0.00914174505004107
2013-04-24,0.00902537672750752
2013-04-25,0.00891639075951744
2013-04-26,0.0088153335766528
2013-04-27,0.00872275160949552
2013-04-28,0.00863919128862757
2013-04-29,0.00856519904463088
2013-04-30,0.00850132130808742
2013-05-01,0.00844810450957911
2013-05-02,0.00840592223699238
2013-05-03,0.00837445670743148
2013-05-04,0.00835321729530513
2013-05-05,0.00834171337502204
2013-05-06,0.00833945432099094
2013-05-07,0.00834594950762054
2013-05-08,0.00836070830931955
2013-05-09,0.00838324010049671
2013-05-10,0.00841305425556071
2013-05-11,0.00844966014892029
2013-05-12,0.00849256715498416
2013-05-13,0.00854128464816104
2013-05-14,0.00859532200285964
2013-05-15,0.00865418859348869
2013-05-16,0.0087173937944569
2013-05-17,0.00878444698017298
2013-05-18,0.00885485752504567
2013-05-19,0.00892813480348367
2013-05-20,0.0090037881898957
2013-05-21,0.00908132705869047
2013-05-22,0.00916026078427672
2013-05-23,0.00924009874106315
2013-05-24,0.00932035030345849
2013-05-25,0.00940052484587145
2013-05-26,0.00948013174271074
2013-05-27,0.00955868036838509
2013-05-28,0.00963568009730322
2013-05-29,0.00971064030387384
2013-05-30,0.00978307036250567
2013-05-31,0.00985247964760743
2013-06-01,0.00991837753358783
2013-06-02,0.00998037939526526
2013-06-03,0.0100385246090968
2013-06-04,0.0100929585519491
2013-06-05,0.0101438266006889
2013-06-06,0.0101912741321829
2013-06-07,0.0102354465232978
2013-06-08,0.0102764891509003
2013-06-09,0.0103145473918572
2013-06-10,0.0103497666230352
2013-06-11,0.0103822922213009
2013-06-12,0.0104122695635211
2013-06-13,0.0104398440265625
2013-06-14,0.0104651609872918
2013-06-15,0.0104883658225757
2013-06-16,0.0105096039092809
2013-06-17,0.0105290206242742
2013-06-18,0.0105467613444222
2013-06-19,0.0105629714465916
2013-06-20,0.0105777963076493
2013-06-21,0.0105913813044618
2013-06-22,0.0106038718138959
2013-06-23,0.0106154132128183
2013-06-24,0.0106261508780958
2013-06-25,0.0106362301865949
2013-06-26,0.0106457965151825
2013-06-27,0.0106549952407253
2013-06-28,0.0106639717400899
2013-06-29,0.0106728713901431
2013-06-30,0.0106818395677516
2013-07-01,0.010691021649782
2013-07-02,0.0107005330872054
2013-07-03,0.0107103696274091
2013-07-04,0.0107204970918849
2013-07-05,0.0107308813021245
2013-07-06,0.0107414880796195
2013-07-07,0.0107522832458617
2013-07-08,0.0107632326223426
2013-07-09,0.0107743020305541
2013-07-10,0.0107854572919877
2013-07-11,0.0107966642281352
2013-07-12,0.0108078886604882
2013-07-13,0.0108190964105385
2013-07-14,0.0108302532997777
2013-07-15,0.0108413251496975
2013-07-16,0.0108522777817895
2013-07-17,0.0108630770175455
2013-07-18,0.0108736886784572
2013-07-19,0.0108840785860162
2013-07-20,0.0108942125617142
2013-07-21,0.010904056427043
2013-07-22,0.0109135760034941
2013-07-23,0.0109227371125592
2013-07-24,0.0109315055757302
2013-07-25,0.0109398472144985
2013-07-26,0.010947727850356
2013-07-27,0.0109551133047943
2013-07-28,0.010961969399305
2013-07-29,0.01096826195538
2013-07-30,0.0109739567945108
2013-07-31,0.0109790197381891
2013-08-01,0.0109834166079066
2013-08-02,0.0109871333366247
2013-08-03,0.0109902363031834
2013-08-04,0.0109928119978922
2013-08-05,0.0109949469110607
2013-08-06,0.0109967275329986
2013-08-07,0.0109982403540155
2013-08-08,0.0109995718644211
2013-08-09,0.0110008085545248
2013-08-10,0.0110020369146365
2013-08-11,0.0110033434350656
2013-08-12,0.0110048146061218
2013-08-13,0.0110065369181147
2013-08-14,0.0110085968613539
2013-08-15,0.0110110809261491
2013-08-16,0.0110140756028099
2013-08-17,0.0110176673816458
2013-08-18,0.0110219427529666
2013-08-19,0.0110269882070818
2013-08-20,0.011032890234301
2013-08-21,0.0110397353249339
2013-08-22,0.0110476099692901
2013-08-23,0.0110566006576792
2013-08-24,0.0110667938804108
2013-08-25,0.0110782761277945
2013-08-26,0.01109113389014
2013-08-27,0.0111054536577569
2013-08-28,0.0111213219209548
2013-08-29,0.0111388251700433
2013-08-30,0.011158049895332
2013-08-31,0.0111790825871306
2013-09-01,0.0112020097357487
2013-09-02,0.0112268844157425
2013-09-03,0.0112536260386554
2013-09-04,0.0112821206002772
2013-09-05,0.011312254096398
2013-09-06,0.0113439125228075
2013-09-07,0.0113769818752957
2013-09-08,0.0114113481496527
2013-09-09,0.0114468973416682
2013-09-10,0.0114835154471322
2013-09-11,0.0115210884618347
2013-09-12,0.0115595023815656
2013-09-13,0.0115986432021148
2013-09-14,0.0116383969192722
2013-09-15,0.0116786495288278
2013-09-16,0.0117192870265714
2013-09-17,0.0117601954082931
2013-09-18,0.0118012606697828
2013-09-19,0.0118423688068304
2013-09-20,0.0118834058152257
2013-09-21,0.0119242576907588
2013-09-22,0.0119648104292196
2013-09-23,0.0120049500263979
2013-09-24,0.0120445624780838
2013-09-25,0.0120835337800672
2013-09-26,0.0121217499281379
2013-09-27,0.012159096918086
2013-09-28,0.0121954607457013
2013-09-29,0.0122307274067737
2013-09-30,0.0122647828970933
2013-10-01,0.0122975132124499
2013-10-02,0.012328825706538
2013-10-03,0.0123587131646702
2013-10-04,0.0123871897300636
2013-10-05,0.0124142695459355
2013-10-06,0.0124399667555028
2013-10-07,0.0124642955019829
2013-10-08,0.0124872699285929
2013-10-09,0.0125089041785498
2013-10-10,0.0125292123950709
2013-10-11,0.0125482087213732
2013-10-12,0.012565907300674
2013-10-13,0.0125823222761904
2013-10-14,0.0125974677911394
2013-10-15,0.0126113579887384
2013-10-16,0.0126240070122044
2013-10-17,0.0126354290047545
2013-10-18,0.012645638109606
2013-10-19,0.0126546484699759
2013-10-20,0.0126624742290815
2013-10-21,0.0126691295301398
2013-10-22,0.012674628516368
2013-10-23,0.0126789853309833
2013-10-24,0.0126822141172027
2013-10-25,0.0126843290182435
2013-10-26,0.0126853441773228
2013-10-27,0.0126852737376578
2013-10-28,0.0126841318424655
2013-10-29,0.0126819326349632
2013-10-30,0.012678690258368
2013-10-31,0.012674418855897
2013-11-01,0.0126691325707673
2013-11-02,0.0126628578110457
2013-11-03,0.0126556700441968
2013-11-04,0.0126476570025345
2013-11-05,0.0126389064183732
2013-11-06,0.0126295060240269
2013-11-07,0.0126195435518096
2013-11-08,0.0126091067340356
2013-11-09,0.0125982833030189
2013-11-10,0.0125871609910737
2013-11-11,0.012575827530514
2013-11-12,0.012564370653654
2013-11-13,0.0125528780928078
2013-11-14,0.0125414375802895
2013-11-15,0.0125301368484132
2013-11-16,0.0125190636294931
2013-11-17,0.0125083056558432
2013-11-18,0.0124979506597777
2013-11-19,0.0124880863736107
2013-11-20,0.0124788005296562
2013-11-21,0.0124701808602285
2013-11-22,0.0124623150976417
2013-11-23,0.0124552909742097
2013-11-24,0.0124491962222469
2013-11-25,0.0124441185740672
2013-11-26,0.0124401457619848
2013-11-27,0.0124373655183138
2013-11-28,0.0124358655753683
2013-11-29,0.0124357336654625
2013-11-30,0.0124370575209104
2013-12-01,0.0124399248740262
2013-12-02,0.0124443891269111
2013-12-03,0.0124503663608143
2013-12-04,0.0124577383267724
2013-12-05,0.0124663867758217
2013-12-06,0.0124761934589988
2013-12-07,0.01248704012734
2013-12-08,0.0124988085318817
2013-12-09,0.0125113804236604
2013-12-10,0.0125246375537126
2013-12-11,0.0125384616730745
2013-12-12,0.0125527345327828
2013-12-13,0.0125673378838738
2013-12-14,0.0125821534773838
2013-12-15,0.0125970630643495
2013-12-16,0.0126119483958071
2013-12-17,0.0126266912227932
2013-12-18,0.0126411732963441
2013-12-19,0.0126552763674963
2013-12-20,0.0126688821872862
2013-12-21,0.0126818725067502
2013-12-22,0.0126941290769247
2013-12-23,0.0127055336488463
2013-12-24,0.0127159679735513
2013-12-25,0.0127253138020762
2013-12-26,0.0127334528854573
2013-12-27,0.0127402669747311
2013-12-28,0.0127456378209341
2013-12-29,0.0127494471751026
2013-12-30,0.0127515767882731
2013-12-31,0.0127519084114821
2014-01-01,0.0127503237957659
2014-01-02,0.0127467667697277
2014-01-03,0.0127414294722379
2014-01-04,0.0127345661197336
2014-01-05,0.0127264309286517
2014-01-06,0.0127172781154295
2014-01-07,0.0127073618965038
2014-01-08,0.0126969364883119
2014-01-09,0.0126862561072908
2014-01-10,0.0126755749698776
2014-01-11,0.0126651472925094
2014-01-12,0.0126552272916231
2014-01-13,0.012646069183656
2014-01-14,0.012637927185045
2014-01-15,0.0126310555122273
2014-01-16,0.0126257083816399
2014-01-17,0.0126221400097199
2014-01-18,0.0126206046129043
2014-01-19,0.0126213564076303
2014-01-20,0.0126246496103349
2014-01-21,0.0126307384374553
2014-01-22,0.0126398771054283
2014-01-23,0.0126523198306913
2014-01-24,0.0126683208296811
2014-01-25,0.0126881343188349
2014-01-26,0.0127120145145898
2014-01-27,0.0127402156333829
2014-01-28,0.0127729918916511
2014-01-29,0.0128105975058317
2014-01-30,0.0128532866923616
2014-01-31,0.0129013136676779
2014-02-01,0.0129549326482177
2014-02-02,0.0130142538294406
2014-02-03,0.0130788113228958
2014-02-04,0.0131479952191552
2014-02-05,0.0132211956087906
2014-02-06,0.0132978025823736
2014-02-07,0.0133772062304761
2014-02-08,0.0134587966436699
2014-02-09,0.0135419639125267
2014-02-10,0.0136260981276184
2014-02-11,0.0137105893795167
2014-02-12,0.0137948277587934
2014-02-13,0.0138782033560203
2014-02-14,0.0139601062617691
2014-02-15,0.0140399265666117
2014-02-16,0.0141170543611198
2014-02-17,0.0141908797358652
2014-02-18,0.0142607927814197
2014-02-19,0.014326183588355
2014-02-20,0.014386442247243
2014-02-21,0.0144409588486554
2014-02-22,0.0144891234831641
2014-02-23,0.0145303262413407
2014-02-24,0.0145639572137571
2014-02-25,0.0145894064909851
2014-02-26,0.0146060641635964
2014-02-27,0.0146133203221628
2014-02-28,0.0146105650572561
2014-03-01,0.0145971884594481
2014-03-02,0.01457276562024
2014-03-03,0.0145376116348514
2014-03-04,0.0144922265994312
2014-03-05,0.0144371106101283
2014-03-06,0.0143727637630917
2014-03-07,0.0142996861544703
2014-03-08,0.0142183778804132
2014-03-09,0.0141293390370692
2014-03-10,0.0140330697205873
2014-03-11,0.0139300700271165
2014-03-12,0.0138208400528057
2014-03-13,0.0137058798938039
2014-03-14,0.01358568964626
2014-03-15,0.0134607694063231
2014-03-16,0.013331619270142
2014-03-17,0.0131987393338657
2014-03-18,0.0130626296936432
2014-03-19,0.0129237904456234
2014-03-20,0.0127827216859553
2014-03-21,0.0126399235107879
2014-03-22,0.01249589601627
2014-03-23,0.0123511392985507
2014-03-24,0.0122061534537789
2014-03-25,0.0120614385781036
2014-03-26,0.0119174947676737
2014-03-27,0.0117748221186382
2014-03-28,0.0116339207271461
2014-03-29,0.0114952906893462
2014-03-30,0.0113594321013876
2014-03-31,0.0112268450594192
2014-04-01,0.0110980296595899
2014-04-02,0.0109733978304254
2014-04-03,0.0108530088299573
2014-04-04,0.010736833748594
2014-04-05,0.0106248436767439
2014-04-06,0.0105170097048153
2014-04-07,0.0104133029232165
2014-04-08,0.0103136944223559
2014-04-09,0.0102181552926418
2014-04-10,0.0101266566244826
2014-04-11,0.0100391695082865
2014-04-12,0.00995566503446204
2014-04-13,0.00987611429341744
2014-04-14,0.00980048837556107
2014-04-15,0.00972875837130128
2014-04-16,0.0096608953710464
2014-04-17,0.00959687046520477
2014-04-18,0.00953665474418475
2014-04-19,0.00948021929839466
2014-04-20,0.00942753521824286
2014-04-21,0.00937857359413768
2014-04-22,0.00933330551648747
2014-04-23,0.00929170207570057
2014-04-24,0.00925373436218532
2014-04-25,0.00921937346635006
2014-04-26,0.00918859047860314
2014-04-27,0.0091613564893529
2014-04-28,0.00913764258900767
2014-04-29,0.00911741986797581
2014-04-30,0.00910065941666565
2014-05-01,0.00908733232548553
2014-05-02,0.00907740468737819
2014-05-03,0.0090708226054239
2014-05-04,0.00906752718523732
2014-05-05,0.0090674595324331
2014-05-06,0.00907056075262591
2014-05-07,0.0090767719514304
2014-05-08,0.00908603423446124
2014-05-09,0.00909828870733309
2014-05-10,0.0091134764756606
2014-05-11,0.00913153864505844
2014-05-12,0.00915241632114126
2014-05-13,0.00917605060952373
2014-05-14,0.0092023826158205
2014-05-15,0.00923135344564623
2014-05-16,0.00926290420461559
2014-05-17,0.00929697599834323
2014-05-18,0.00933350993244381
2014-05-19,0.00937244711253199
2014-05-20,0.00941372864422244
2014-05-21,0.00945729563312981
2014-05-22,0.00950308918486876
2014-05-23,0.00955105040505395
2014-05-24,0.00960112039930004
2014-05-25,0.00965324027322169
2014-05-26,0.00970735113243356
2014-05-27,0.00976339408255031
2014-05-28,0.0098213102291866
2014-05-29,0.00988104067795709
2014-05-30,0.00994252653447644
2014-05-31,0.0100057089043593
2014-06-01,0.0100705288932203
2014-06-02,0.0101369057910223
2014-06-03,0.0102046716251199
2014-06-04,0.0102736366072161
2014-06-05,0.0103436109490138
2014-06-06,0.0104144048622158
2014-06-07,0.0104858285585251
2014-06-08,0.0105576922496444
2014-06-09,0.0106298061472767
2014-06-10,0.0107019804631248
2014-06-11,0.0107740254088917
2014-06-12,0.0108457511962801
2014-06-13,0.0109169680369931
2014-06-14,0.0109874861427333
2014-06-15,0.0110571157252038
2014-06-16,0.0111256669961074
2014-06-17,0.0111929501671469
2014-06-18,0.0112587754500253
2014-06-19,0.0113229530564455
2014-06-20,0.0113852931981102
2014-06-21,0.0114456060867224
2014-06-22,0.0115037019339849
2014-06-23,0.0115593909516007
2014-06-24,0.0116124833512726
2014-06-25,0.0116627893447034
2014-06-26,0.0117101191435961
2014-06-27,0.0117542829596535
2014-06-28,0.0117950910045786
2014-06-29,0.0118323534900741
2014-06-30,0.0118658806278429
2014-07-01,0.011895482629588
2014-07-02,0.0119210340878388
2014-07-03,0.0119426671184308
2014-07-04,0.0119605782180264
2014-07-05,0.0119749638832877
2014-07-06,0.0119860206108768
2014-07-07,0.0119939448974561
2014-07-08,0.0119989332396876
2014-07-09,0.0120011821342336
2014-07-10,0.0120008880777563
2014-07-11,0.0119982475669179
2014-07-12,0.0119934570983806
2014-07-13,0.0119867131688066
2014-07-14,0.011978212274858
2014-07-15,0.0119681509131971
2014-07-16,0.0119567255804861
2014-07-17,0.0119441327733872
2014-07-18,0.0119305689885625
2014-07-19,0.0119162307226743
2014-07-20,0.0119013144723847
2014-07-21,0.011886016734356
2014-07-22,0.0118705340052504
2014-07-23,0.01185506278173
2014-07-24,0.0118397995604571
2014-07-25,0.0118249408380938
2014-07-26,0.0118106831113024
2014-07-27,0.011797222876745
2014-07-28,0.0117847566310839
2014-07-29,0.0117734808709812
2014-07-30,0.0117635920930991
2014-07-31,0.0117552867940999
2014-08-01,0.0117487614706457
2014-08-02,0.0117441716501904
2014-08-03,0.0117415089833541
2014-08-04,0.0117407241515487
2014-08-05,0.011741767836186
2014-08-06,0.0117445907186779
2014-08-07,0.0117491434804361
2014-08-08,0.0117553768028725
2014-08-09,0.011763241367399
2014-08-10,0.0117726878554273
2014-08-11,0.0117836669483694
2014-08-12,0.0117961293276369
2014-08-13,0.0118100256746418
2014-08-14,0.0118253066707958
2014-08-15,0.0118419229975109
2014-08-16,0.0118598253361988
2014-08-17,0.0118789643682714
2014-08-18,0.0118992907751404
2014-08-19,0.0119207552382178
2014-08-20,0.0119433084389153
2014-08-21,0.0119669010586448
2014-08-22,0.011991483778818
2014-08-23,0.012017007280847
2014-08-24,0.0120434222461433
2014-08-25,0.012070679356119
2014-08-26,0.0120987292921858
2014-08-27,0.0121275227357555
2014-08-28,0.01215701036824
2014-08-29,0.0121871428710511
2014-08-30,0.0122178709256007
2014-08-31,0.0122491452133005
2014-09-01,0.0122809164155624
2014-09-02,0.0123131300954256
2014-09-03,0.0123457113424389
2014-09-04,0.0123785801277785
2014-09-05,0.0124116564226206
2014-09-06,0.0124448601981413
2014-09-07,0.0124781114255169
2014-09-08,0.0125113300759236
2014-09-09,0.0125444361205375
2014-09-10,0.0125773495305348
2014-09-11,0.0126099902770917
2014-09-12,0.0126422783313845
2014-09-13,0.0126741336645892
2014-09-14,0.0127054762478821
2014-09-15,0.0127362260524393
2014-09-16,0.0127663030494372
2014-09-17,0.0127956272100517
2014-09-18,0.0128241185054592
2014-09-19,0.0128516969068358
2014-09-20,0.0128782823853577
2014-09-21,0.0129037949122011
2014-09-22,0.0129281544585422
2014-09-23,0.0129512809955571
2014-09-24,0.0129730944944221
2014-09-25,0.0129935149263134
2014-09-26,0.0130124622624071
2014-09-27,0.0130298564738794
2014-09-28,0.0130456175319065
2014-09-29,0.0130596654076646
2014-09-30,0.0130719200723299
2014-10-01,0.0130823014970786
2014-10-02,0.0130907658997443
2014-10-03,0.0130974144847901
2014-10-04,0.0131023847033368
2014-10-05,0.013105814006505
2014-10-06,0.0131078398454154
2014-10-07,0.0131085996711885
2014-10-08,0.013108230934945
2014-10-09,0.0131068710878056
2014-10-10,0.0131046575808909
2014-10-11,0.0131017278653215
2014-10-12,0.0130982193922181
2014-10-13,0.0130942696127014
2014-10-14,0.0130900159778919
2014-10-15,0.0130855959389103
2014-10-16,0.0130811469468773
2014-10-17,0.0130768064529135
2014-10-18,0.0130727119081395
2014-10-19,0.013069000763676
2014-10-20,0.0130658104706437
2014-10-21,0.0130632784801631
2014-10-22,0.0130615422433549
2014-10-23,0.0130607392113397
2014-10-24,0.0130610068352383
2014-10-25,0.0130624825661712
2014-10-26,0.0130653038552591
2014-10-27,0.0130696081536225
2014-10-28,0.0130755329123823
2014-10-29,0.013083215582659
2014-10-30,0.0130927936155732
2014-10-31,0.0131044044622456
2014-11-01,0.0131181855737968
2014-11-02,0.0131342144106069
2014-11-03,0.0131523284700936
2014-11-04,0.0131723052589341
2014-11-05,0.0131939222838054
2014-11-06,0.0132169570513848
2014-11-07,0.0132411870683493
2014-11-08,0.013266389841376
2014-11-09,0.0132923428771422
2014-11-10,0.0133188236823249
2014-11-11,0.0133456097636013
2014-11-12,0.0133724786276484
2014-11-13,0.0133992077811436
2014-11-14,0.0134255747307638
2014-11-15,0.0134513569831862
2014-11-16,0.0134763320450879
2014-11-17,0.0135002774231461
2014-11-18,0.013522970624038
2014-11-19,0.0135441891544405
2014-11-20,0.013563710521031
2014-11-21,0.0135813122304864
2014-11-22,0.013596771789484
2014-11-23,0.0136098667047008
2014-11-24,0.0136203744828141
2014-11-25,0.0136280726305009
2014-11-26,0.0136327386544383
2014-11-27,0.0136341500613036
2014-11-28,0.0136320843577738
2014-11-29,0.0136263190505261
2014-11-30,0.0136166316462376
2014-12-01,0.0136027996515854
2014-12-02,0.0135846752860571
2014-12-03,0.0135624096203819
2014-12-04,0.0135362284380994
2014-12-05,0.0135063575227492
2014-12-06,0.0134730226578708
2014-12-07,0.013436449627004
2014-12-08,0.0133968642136883
2014-12-09,0.0133544922014634
2014-12-10,0.0133095593738687
2014-12-11,0.013262291514444
2014-12-12,0.0132129144067289
2014-12-13,0.0131616538342629
2014-12-14,0.0131087355805857
2014-12-15,0.0130543854292369
2014-12-16,0.0129988291637561
2014-12-17,0.0129422925676828
2014-12-18,0.0128850014245568
2014-12-19,0.0128271815179175
2014-12-20,0.0127690586313047
2014-12-21,0.0127108585482579
2014-12-22,0.0126528070523168
2014-12-23,0.0125951299270208
2014-12-24,0.0125380529559098
2014-12-25,0.0124818019225232
2014-12-26,0.0124266026104006
2014-12-27,0.0123726808030818
2014-12-28,0.0123202622841062
2014-12-29,0.0122695728370135
2014-12-30,0.0122208382453433
2014-12-31,0.0121742842926352
2015-01-01,0.0121301367624288
2015-01-02,0.012088589294389
2015-01-03,0.0120497069526813
2015-01-04,0.0120135226575966
2015-01-05,0.0119800693294257
2015-01-06,0.0119493798884594
2015-01-07,0.0119214872549886
2015-01-08,0.0118964243493041
2015-01-09,0.0118742240916967
2015-01-10,0.0118549194024573
2015-01-11,0.0118385432018766
2015-01-12,0.0118251284102456
2015-01-13,0.011814707947855
2015-01-14,0.0118073147349956
2015-01-15,0.0118029816919584
2015-01-16,0.0118017417390341
2015-01-17,0.0118036277965135
2015-01-18,0.0118086727846875
2015-01-19,0.0118169096238469
2015-01-20,0.0118283712342826
2015-01-21,0.0118430905362853
2015-01-22,0.0118611004501459
2015-01-23,0.0118824338961553
2015-01-24,0.0119071237946042
2015-01-25,0.0119352030657834
2015-01-26,0.0119667046299839
2015-01-27,0.0120016614074964
2015-01-28,0.0120401063186118
2015-01-29,0.0120820722836209
2015-01-30,0.0121275922228145
2015-01-31,0.0121766990564834
2015-02-01,0.0122294257049186
2015-02-02,0.0122857370003204
2015-02-03,0.0123453254225282
2015-02-04,0.0124078153632911
2015-02-05,0.0124728312143579
2015-02-06,0.0125399973674777
2015-02-07,0.0126089382143996
2015-02-08,0.0126792781468724
2015-02-09,0.0127506415566452
2015-02-10,0.012822652835467
2015-02-11,0.0128949363750868
2015-02-12,0.0129671165672536
2015-02-13,0.0130388178037163
2015-02-14,0.0131096644762241
2015-02-15,0.0131792809765258
2015-02-16,0.0132472916963704
2015-02-17,0.0133133210275071
2015-02-18,0.0133769933616847
2015-02-19,0.0134379330906523
2015-02-20,0.0134957646061588
2015-02-21,0.0135501122999533
2015-02-22,0.0136006005637848
2015-02-23,0.0136468537894022
2015-02-24,0.0136884963685546
2015-02-25,0.0137251526929909
2015-02-26,0.0137564471544601
2015-02-27,0.0137820041447113
2015-02-28,0.0138014480554935
2015-03-01,0.0138144032785556
2015-03-02,0.0138206065396361
2015-03-03,0.0138202439004313
2015-03-04,0.0138136137566272
2015-03-05,0.0138010145039096
2015-03-06,0.0137827445379643
2015-03-07,0.0137591022544771
2015-03-08,0.0137303860491339
2015-03-09,0.0136968943176206
2015-03-10,0.0136589254556229
2015-03-11,0.0136167778588267
2015-03-12,0.013570749922918
2015-03-13,0.0135211400435824
2015-03-14,0.0134682466165059
2015-03-15,0.0134123680373742
2015-03-16,0.0133538027018733
2015-03-17,0.013292849005689
2015-03-18,0.0132298053445071
2015-03-19,0.0131649701140135
2015-03-20,0.013098641709894
2015-03-21,0.0130311185278344
2015-03-22,0.0129626989635206
2015-03-23,0.0128936814126385
2015-03-24,0.0128243642708738
2015-03-25,0.0127550459339125
2015-03-26,0.0126860247974403
2015-03-27,0.0126175992571431
2015-03-28,0.0125500677087068
2015-03-29,0.0124837285478172
2015-03-30,0.0124188801701601
2015-03-31,0.0123558209714214
2015-04-01,0.0122948493472869
2015-04-02,0.0122362000014319
2015-04-03,0.0121798528694893
2015-04-04,0.0121257241950816
2015-04-05,0.012073730221831
2015-04-06,0.01202378719336
2015-04-07,0.0119758113532909
2015-04-08,0.0119297189452462
2015-04-09,0.0118854262128482
2015-04-10,0.0118428493997192
2015-04-11,0.0118019047494817
2015-04-12,0.011762508505758
2015-04-13,0.0117245769121705
2015-04-14,0.0116880262123416
2015-04-15,0.0116527726498936
2015-04-16,0.0116187324684489
2015-04-17,0.01158582191163
2015-04-18,0.0115539572230591
2015-04-19,0.0115230546463587
2015-04-20,0.0114930304251511
2015-04-21,0.0114638008030587
2015-04-22,0.0114352820237038
2015-04-23,0.011407390330709
2015-04-24,0.0113800419676964
2015-04-25,0.0113531531782886
2015-04-26,0.0113266402061079
2015-04-27,0.0113004192947766
2015-04-28,0.0112744066879171
2015-04-29,0.0112485186291519
2015-04-30,0.0112226713621032
2015-05-01,0.0111967811303935
2015-05-02,0.0111707955750692
2015-05-03,0.0111447879268727
2015-05-04,0.0111188628139707
2015-05-05,0.0110931248645297
2015-05-06,0.0110676787067163
2015-05-07,0.011042628968697
2015-05-08,0.0110180802786383
2015-05-09,0.0109941372647069
2015-05-10,0.0109709045550693
2015-05-11,0.010948486777892
2015-05-12,0.0109269885613416
2015-05-13,0.0109065145335846
2015-05-14,0.0108871693227877
2015-05-15,0.0108690575571174
2015-05-16,0.0108522838647401
2015-05-17,0.0108369528738225
2015-05-18,0.0108231692125312
2015-05-19,0.0108110375090327
2015-05-20,0.0108006623914935
2015-05-21,0.0107921484880802
2015-05-22,0.0107856004269593
2015-05-23,0.0107811228362975
2015-05-24,0.0107788203442612
2015-05-25,0.0107787975790171
2015-05-26,0.0107811591687317
2015-05-27,0.0107860097415714
2015-05-28,0.010793453925703
2015-05-29,0.010803596349293
2015-05-30,0.0108165416405078
2015-05-31,0.0108323944275141
2015-06-01,0.0108512593384784
2015-06-02,0.010873184875376
2015-06-03,0.0108979950354167
2015-06-04,0.0109254576896191
2015-06-05,0.0109553407090018
2015-06-06,0.0109874119645834
2015-06-07,0.0110214393273824
2015-06-08,0.0110571906684174
2015-06-09,0.0110944338587069
2015-06-10,0.0111329367692695
2015-06-11,0.0111724672711239
2015-06-12,0.0112127932352885
2015-06-13,0.011253682532782
2015-06-14,0.0112949030346228
2015-06-15,0.0113362226118297
2015-06-16,0.011377409135421
2015-06-17,0.0114182304764155
2015-06-18,0.0114584545058317
2015-06-19,0.0114978490946881
2015-06-20,0.0115361821140033
2015-06-21,0.011573221434796
2015-06-22,0.0116087349280846
2015-06-23,0.0116424904648877
2015-06-24,0.0116742559162239
2015-06-25,0.0117037991531117
2015-06-26,0.0117308880465699
2015-06-27,0.0117552904676168
2015-06-28,0.0117767742872711
2015-06-29,0.0117951073765513
2015-06-30,0.011810057606476
2015-07-01,0.0118213928480638
2015-07-02,0.0118289516408525
2015-07-03,0.0118328551984569
2015-07-04,0.0118332954030109
2015-07-05,0.0118304641366486
2015-07-06,0.011824553281504
2015-07-07,0.011815754719711
2015-07-08,0.0118042603334038
2015-07-09,0.0117902620047162
2015-07-10,0.0117739516157823
2015-07-11,0.0117555210487362
2015-07-12,0.0117351621857117
2015-07-13,0.011713066908843
2015-07-14,0.011689427100264
2015-07-15,0.0116644346421087
2015-07-16,0.0116382814165112
2015-07-17,0.0116111593056054
2015-07-18,0.0115832601915254
2015-07-19,0.0115547759564051
2015-07-20,0.0115258984823786
2015-07-21,0.0114968196515799
2015-07-22,0.0114677313461429
2015-07-23,0.0114388254482017
2015-07-24,0.0114102938398904
2015-07-25,0.0113823284033428
2015-07-26,0.011355121020693
2015-07-27,0.011328863574075
2015-07-28,0.0113037479456229
2015-07-29,0.0112799660174706
2015-07-30,0.0112577096717521
2015-07-31,0.0112371707906014
2015-08-01,0.0112185412561526
2015-08-02,0.0112019747958915
2015-08-03,0.0111874725187118
2015-08-04,0.0111749973788588
2015-08-05,0.011164512330578
2015-08-06,0.011155980328115
2015-08-07,0.0111493643257151
2015-08-08,0.0111446272776238
2015-08-09,0.0111417321380866
2015-08-10,0.011140641861349
2015-08-11,0.0111413194016564
2015-08-12,0.0111437277132542
2015-08-13,0.0111478297503879
2015-08-14,0.0111535884673031
2015-08-15,0.0111609668182451
2015-08-16,0.0111699277574594
2015-08-17,0.0111804342391915
2015-08-18,0.0111924492176868
2015-08-19,0.0112059356471908
2015-08-20,0.011220856481949
2015-08-21,0.0112371746762068
2015-08-22,0.0112548531842097
2015-08-23,0.0112738549602031
2015-08-24,0.0112941429584326
2015-08-25,0.0113156801331435
2015-08-26,0.0113384294385813
2015-08-27,0.0113623538289915
2015-08-28,0.0113874162586196
2015-08-29,0.011413579681711
2015-08-30,0.0114408070525112
2015-08-31,0.0114690613252656
2015-09-01,0.0114983054542197
2015-09-02,0.0115284890488629
2015-09-03,0.0115595083396599
2015-09-04,0.0115912462123196
2015-09-05,0.0116235855525505
2015-09-06,0.0116564092460615
2015-09-07,0.0116896001785612
2015-09-08,0.0117230412357584
2015-09-09,0.0117566153033618
2015-09-10,0.0117902052670801
2015-09-11,0.011823694012622
2015-09-12,0.0118569644256963
2015-09-13,0.0118898993920116
2015-09-14,0.0119223817972767
2015-09-15,0.0119542945272003
2015-09-16,0.011985520467491
2015-09-17,0.0120159425038578
2015-09-18,0.0120454435220091
2015-09-19,0.0120739064076538
2015-09-20,0.0121012140465006
2015-09-21,0.0121272493242582
2015-09-22,0.0121518951266354
2015-09-23,0.0121750343393407
2015-09-24,0.012196549848083
2015-09-25,0.012216324538571
2015-09-26,0.0122342412965133
2015-09-27,0.0122501830076188
2015-09-28,0.012264032557596
2015-09-29,0.0122756728321539
2015-09-30,0.0122849867170009
2015-10-01,0.012291857097846
2015-10-02,0.0122962099600303
2015-10-03,0.0122981436874258
2015-10-04,0.0122977997635368
2015-10-05,0.0122953196718676
2015-10-06,0.0122908448959229
2015-10-07,0.0122845169192068
2015-10-08,0.0122764772252239
2015-10-09,0.0122668672974786
2015-10-10,0.0122558286194752
2015-10-11,0.0122435026747182
2015-10-12,0.012230030946712
2015-10-13,0.012215554918961
2015-10-14,0.0122002160749696
2015-10-15,0.0121841558982423
2015-10-16,0.0121675158722833
2015-10-17,0.0121504374805972
2015-10-18,0.0121330622066883
2015-10-19,0.0121155315340611
2015-10-20,0.01209798694622
2015-10-21,0.0120805699266693
2015-10-22,0.0120634219589135
2015-10-23,0.0120466845264571
2015-10-24,0.0120304991128043
2015-10-25,0.0120150072014596
2015-10-26,0.0120003502759275
2015-10-27,0.0119866698197122
2015-10-28,0.0119741073163184
2015-10-29,0.0119628042492503
2015-10-30,0.0119529021020123
2015-10-31,0.0119445423581089
2015-11-01,0.0119378665010445
2015-11-02,0.0119329567020035
2015-11-03,0.0119296578828898
2015-11-04,0.0119277556532876
2015-11-05,0.0119270356227808
2015-11-06,0.0119272834009534
2015-11-07,0.0119282845973896
2015-11-08,0.0119298248216732
2015-11-09,0.0119316896833883
2015-11-10,0.011933664792119
2015-11-11,0.0119355357574492
2015-11-12,0.011937088188963
2015-11-13,0.0119381076962444
2015-11-14,0.0119383798888773
2015-11-15,0.0119376903764459
2015-11-16,0.0119358247685341
2015-11-17,0.011932568674726
2015-11-18,0.0119277077046055
2015-11-19,0.0119210274677567
2015-11-20,0.0119123135737636
2015-11-21,0.0119013516322102
2015-11-22,0.0118879272526805
2015-11-23,0.0118718260447586
2015-11-24,0.0118528336180285
2015-11-25,0.0118307355820741
2015-11-26,0.0118053175464796
2015-11-27,0.0117763651208288
2015-11-28,0.0117436639147059
2015-11-29,0.0117069995376949
2015-11-30,0.0116661575993797
2015-12-01,0.0116209237093444
2015-12-02,0.0115711750765097
2015-12-03,0.011517155307143
2015-12-04,0.0114591996068485
2015-12-05,0.0113976431812302
2015-12-06,0.0113328212358923
2015-12-07,0.0112650689764389
2015-12-08,0.0111947216084742
2015-12-09,0.0111221143376021
2015-12-10,0.011047582369427
2015-12-11,0.0109714609095528
2015-12-12,0.0108940851635838
2015-12-13,0.0108157903371239
2015-12-14,0.0107369116357774
2015-12-15,0.0106577842651484
2015-12-16,0.010578743430841
2015-12-17,0.0105001243384592
2015-12-18,0.0104222621936073
2015-12-19,0.0103454922018894
2015-12-20,0.0102701495689095
2015-12-21,0.0101965695002718
2015-12-22,0.0101250872015804
2015-12-23,0.0100560378784394
2015-12-24,0.00998975673645295
2015-12-25,0.00992657898122518
2015-12-26,0.00986683981836021
2015-12-27,0.00981087445346214
2015-12-28,0.00975901809213509
2015-12-29,0.0097116059399832
2015-12-30,0.00966897320261057
2015-12-31,0.00963145508562132
2016-01-01,0.00959938679461959
2016-01-02,0.00957300904990455
2016-01-03,0.00955218463055568
2016-01-04,0.00953668183034749
2016-01-05,0.00952626894305453
2016-01-06,0.00952071426245132
2016-01-07,0.00951978608231241
2016-01-08,0.00952325269641231
2016-01-09,0.00953088239852556
2016-01-10,0.00954244348242671
2016-01-11,0.00955770424189026
2016-01-12,0.00957643297069077
2016-01-13,0.00959839796260276
2016-01-14,0.00962336751140076
2016-01-15,0.00965110991085931
2016-01-16,0.00968139345475293
2016-01-17,0.00971398643685617
2016-01-18,0.00974865715094355
2016-01-19,0.0097851738907896
2016-01-20,0.00982330495016885
2016-01-21,0.00986281862285585
2016-01-22,0.00990348320262512
2016-01-23,0.00994506698325119
2016-01-24,0.00998733825850859
2016-01-25,0.0100300653221719
2016-01-26,0.0100730164680155
2016-01-27,0.0101159599898141
2016-01-28,0.0101586641813422
2016-01-29,0.0102008973363743
2016-01-30,0.0102424277486848
2016-01-31,0.0102830237120485
2016-02-01,0.0103224535202397
2016-02-02,0.0103605055426606
2016-02-03,0.010397048451223
2016-02-04,0.0104319709934666
2016-02-05,0.0104651619169308
2016-02-06,0.010496509969155
2016-02-07,0.0105259038976788
2016-02-08,0.0105532324500416
2016-02-09,0.010578384373783
2016-02-10,0.0106012484164424
2016-02-11,0.0106217133255593
2016-02-12,0.0106396678486732
2016-02-13,0.0106550007333236
2016-02-14,0.0106676007270499
2016-02-15,0.0106773565773917
2016-02-16,0.0106841570318885
2016-02-17,0.0106878908380797
2016-02-18,0.0106884467435048
2016-02-19,0.0106857134957033
2016-02-20,0.0106795798422148
2016-02-21,0.0106699345305786
2016-02-22,0.0106566663083343
2016-02-23,0.0106396639230213
2016-02-24,0.0106188161221792
2016-02-25,0.0105940116533474
2016-02-26,0.0105651392640654
2016-02-27,0.0105320877018728
2016-02-28,0.0104947457143089
2016-02-29,0.0104530020489133
2016-03-01,0.0104067454532255
2016-03-02,0.0103559466559305
2016-03-03,0.0103009043102955
2016-03-04,0.0102419990507333
2016-03-05,0.0101796115116565
2016-03-06,0.0101141223274781
2016-03-07,0.0100459121326106
2016-03-08,0.00997536156146694
2016-03-09,0.00990285124845978
2016-03-10,0.00982876182800189
2016-03-11,0.00975347393450602
2016-03-12,0.00967736820238493
2016-03-13,0.00960082526605135
2016-03-14,0.00952422575991806
2016-03-15,0.0094479503183978
2016-03-16,0.00937237957590332
2016-03-17,0.00929789416684737
2016-03-18,0.0092248747256427
2016-03-19,0.00915370188670207
2016-03-20,0.00908475628443823
2016-03-21,0.00901841855326392
2016-03-22,0.00895506932759191
2016-03-23,0.00889508924183494
2016-03-24,0.00883885893040576
2016-03-25,0.00878675902771713
2016-03-26,0.0087391701681818
2016-03-27,0.00869647298621252
2016-03-28,0.00865904811622203
2016-03-29,0.00862727619262311
2016-03-30,0.00860153784982848
2016-03-31,0.00858221372225091
2016-04-01,0.00856968444430315
2016-04-02,0.00856420643645141
2016-04-03,0.00856553926337571
2016-04-04,0.00857331827580955
2016-04-05,0.00858717882448642
2016-04-06,0.0086067562601398
2016-04-07,0.00863168593350318
2016-04-08,0.00866160319531006
2016-04-09,0.00869614339629393
2016-04-10,0.00873494188718826
2016-04-11,0.00877763401872655
2016-04-12,0.00882385514164229
2016-04-13,0.00887324060666897
2016-04-14,0.00892542576454008
2016-04-15,0.0089800459659891
2016-04-16,0.00903673656174953
2016-04-17,0.00909513290255485
2016-04-18,0.00915487033913855
2016-04-19,0.00921558422223413
2016-04-20,0.00927690990257506
2016-04-21,0.00933848273089485
2016-04-22,0.00939993805792697
2016-04-23,0.00946091123440492
2016-04-24,0.00952103761106219
2016-04-25,0.00957995253863226
2016-04-26,0.00963729136784863
2016-04-27,0.00969268944944478
2016-04-28,0.0097457821341542
2016-04-29,0.00979620477271039
2016-04-30,0.00984359271584682
2016-05-01,0.00988758131429699
2016-05-02,0.00992790124727342
2016-05-03,0.00996466450790468
2016-05-04,0.00999807841779841
2016-05-05,0.0100283502985622
2016-05-06,0.0100556874718037
2016-05-07,0.0100802972591305
2016-05-08,0.0101023869821502
2016-05-09,0.0101221639624705
2016-05-10,0.0101398355216989
2016-05-11,0.0101556089814431
2016-05-12,0.0101696916633107
2016-05-13,0.0101822908889093
2016-05-14,0.0101936139798465
2016-05-15,0.01020386825773
2016-05-16,0.0102132610441673
2016-05-17,0.0102219996607661
2016-05-18,0.0102302914291339
2016-05-19,0.0102383436708785
2016-05-20,0.0102463637076074
2016-05-21,0.0102545588609282
2016-05-22,0.0102631364524486
2016-05-23,0.0102723038037761
2016-05-24,0.0102822682365185
2016-05-25,0.0102932370722832
2016-05-26,0.0103054176326779
2016-05-27,0.0103190172393103
2016-05-28,0.0103342432137879
2016-05-29,0.0103513028777184
2016-05-30,0.0103704035527094
2016-05-31,0.0103917525603684
2016-06-01,0.0104155572223032
2016-06-02,0.0104419619453147
2016-06-03,0.0104708594769776
2016-06-04,0.01050207965006
2016-06-05,0.0105354522973299
2016-06-06,0.0105708072515555
2016-06-07,0.0106079743455047
2016-06-08,0.0106467834119457
2016-06-09,0.0106870642836465
2016-06-10,0.0107286467933752
2016-06-11,0.0107713607738998
2016-06-12,0.0108150360579885
2016-06-13,0.0108595024784094
2016-06-14,0.0109045898679304
2016-06-15,0.0109501280593196
2016-06-16,0.0109959468853452
2016-06-17,0.0110418761787751
2016-06-18,0.0110877457723775
2016-06-19,0.0111333854989205
2016-06-20,0.011178625191172
2016-06-21,0.0112232946819003
2016-06-22,0.0112672238038732
2016-06-23,0.011310242389859
2016-06-24,0.0113521802726257
2016-06-25,0.0113928672849414
2016-06-26,0.0114321332595741
2016-06-27,0.0114698080292918
2016-06-28,0.0115057214268628
2016-06-29,0.011539703285055
2016-06-30,0.0115715834366365
2016-07-01,0.0116011917143754
2016-07-02,0.011628411862573
2016-07-03,0.0116533432716638
2016-07-04,0.0116761392436155
2016-07-05,0.0116969530803958
2016-07-06,0.0117159380839725
2016-07-07,0.0117332475563133
2016-07-08,0.0117490347993858
2016-07-09,0.0117634531151579
2016-07-10,0.0117766558055972
2016-07-11,0.0117887961726715
2016-07-12,0.0118000275183485
2016-07-13,0.0118105031445959
2016-07-14,0.0118203763533815
2016-07-15,0.0118298004466729
2016-07-16,0.0118389287264379
2016-07-17,0.0118479144946443
2016-07-18,0.0118569110532596
2016-07-19,0.0118660717042518
2016-07-20,0.0118755497495884
2016-07-21,0.0118854984912372
2016-07-22,0.011896071231166
2016-07-23,0.0119074212713424
2016-07-24,0.0119197019137342
2016-07-25,0.0119330664603091
2016-07-26,0.0119476682130348
2016-07-27,0.0119636604738791
2016-07-28,0.0119811965448097
2016-07-29,0.0120004297277943
2016-07-30,0.0120215133248006
2016-07-31,0.0120446006377963
2016-08-01,0.0120698449687492
2016-08-02,0.0120973228563561
2016-08-03,0.0121268037862297
2016-08-04,0.0121579804807119
2016-08-05,0.0121905456621446
2016-08-06,0.0122241920528697
2016-08-07,0.012258612375229
2016-08-08,0.0122934993515643
2016-08-09,0.0123285457042176
2016-08-10,0.0123634441555308
2016-08-11,0.0123978874278456
2016-08-12,0.0124315682435039
2016-08-13,0.0124641793248476
2016-08-14,0.0124954133942186
2016-08-15,0.0125249631739587
2016-08-16,0.0125525213864098
2016-08-17,0.0125777807539138
2016-08-18,0.0126004339988125
2016-08-19,0.0126201738434477
2016-08-20,0.0126366930101614
2016-08-21,0.0126496842212955
2016-08-22,0.0126588401991917
2016-08-23,0.0126638536661919
2016-08-24,0.012664417344638
2016-08-25,0.0126602239568719
2016-08-26,0.0126509662252355
2016-08-27,0.0126363368720705
2016-08-28,0.0126160286197189
2016-08-29,0.0125897341905225
2016-08-30,0.0125571463068231
2016-08-31,0.0125179576909628
2016-09-01,0.0124718610652832
2016-09-02,0.0124186844143826
2016-09-03,0.0123587967718842
2016-09-04,0.0122927024336675
2016-09-05,0.0122209056956121
2016-09-06,0.0121439108535974
2016-09-07,0.012062222203503
2016-09-08,0.0119763440412084
2016-09-09,0.0118867806625931
2016-09-10,0.0117940363635367
2016-09-11,0.0116986154399187
2016-09-12,0.0116010221876185
2016-09-13,0.0115017609025158
2016-09-14,0.01140133588049
2016-09-15,0.0113002514174207
2016-09-16,0.0111990118091873
2016-09-17,0.0110981213516695
2016-09-18,0.0109980843407466
2016-09-19,0.0108994050722984
2016-09-20,0.0108025878422042
2016-09-21,0.0107081369463435
2016-09-22,0.010616556680596
2016-09-23,0.0105283513408412
2016-09-24,0.0104440252229585
2016-09-25,0.0103640826228274
2016-09-26,0.0102890278363276
2016-09-27,0.0102193651593385
2016-09-28,0.0101555988877396
2016-09-29,0.0100982333174105
2016-09-30,0.0100477727442307
2016-10-01,0.0100047214640797
2016-10-02,0.00996943668542691
2016-10-03,0.00994168726710148
2016-10-04,0.00992109498052237
2016-10-05,0.00990728159710858
2016-10-06,0.00989986888827911
2016-10-07,0.00989847862545295
2016-10-08,0.00990273258004911
2016-10-09,0.00991225252348658
2016-10-10,0.00992666022718435
2016-10-11,0.00994557746256142
2016-10-12,0.0099686260010368
2016-10-13,0.00999542761402947
2016-10-14,0.0100256040729584
2016-10-15,0.0100587771492427
2016-10-16,0.0100945686143012
2016-10-17,0.0101326002395531
2016-10-18,0.0101724937964172
2016-10-19,0.0102138710563126
2016-10-20,0.0102563537906582
2016-10-21,0.0102995637708731
2016-10-22,0.0103431227683763
2016-10-23,0.0103866525545868
2016-10-24,0.0104297749009235
2016-10-25,0.0104721115788055
2016-10-26,0.0105132843596518
2016-10-27,0.0105529150148813
2016-10-28,0.010590625315913
2016-10-29,0.010626037034166
2016-10-30,0.0106587719410592
2016-10-31,0.0106884518080117
2016-11-01,0.0107146984064424
2016-11-02,0.0107372363820444
2016-11-03,0.010756201877607
2016-11-04,0.0107718339101936
2016-11-05,0.0107843714968674
2016-11-06,0.010794053654692
2016-11-07,0.0108011194007306
2016-11-08,0.0108058077520466
2016-11-09,0.0108083577257033
2016-11-10,0.0108090083387641
2016-11-11,0.0108079986082925
2016-11-12,0.0108055675513517
2016-11-13,0.010801954185005
2016-11-14,0.010797397526316
2016-11-15,0.0107921365923478
2016-11-16,0.0107864104001639
2016-11-17,0.0107804579668277
2016-11-18,0.0107745183094025
2016-11-19,0.0107688304449516
2016-11-20,0.0107636333905385
2016-11-21,0.0107591661632264
2016-11-22,0.0107556677800788
2016-11-23,0.010753377258159
2016-11-24,0.0107525336145303
2016-11-25,0.0107533758662562
2016-11-26,0.0107561430304
2016-11-27,0.010761074124025
2016-11-28,0.0107684081641946
2016-11-29,0.0107783841679722
2016-11-30,0.0107912411524211
2016-12-01,0.0108072181346047
2016-12-02,0.0108264773685458
2016-12-03,0.0108488740561052
2016-12-04,0.0108741866361031
2016-12-05,0.0109021935473598
2016-12-06,0.0109326732286954
2016-12-07,0.0109654041189302
2016-12-08,0.0110001646568844
2016-12-09,0.0110367332813784
2016-12-10,0.0110748884312322
2016-12-11,0.0111144085452661
2016-12-12,0.0111550720623004
2016-12-13,0.0111966574211553
2016-12-14,0.011238943060651
2016-12-15,0.0112817074196077
2016-12-16,0.0113247289368457
2016-12-17,0.0113677860511853
2016-12-18,0.0114106572014465
2016-12-19,0.0114531208264498
2016-12-20,0.0114949553650152
2016-12-21,0.0115359392559631
2016-12-22,0.0115758509381136
2016-12-23,0.011614468850287
2016-12-24,0.0116515714313036
2016-12-25,0.0116869371199835
2016-12-26,0.0117203443551469
2016-12-27,0.0117515715756142
2016-12-28,0.0117803972202056
2016-12-29,0.0118065997277412
2016-12-30,0.0118299575370413
2016-12-31,0.0118502490869262
2017-01-01,0.011867252816216
2017-01-02,0.0118808059453501
2017-01-03,0.0118909808212434
2017-01-04,0.0118979085724302
2017-01-05,0.0119017203274445
2017-01-06,0.0119025472148205
2017-01-07,0.0119005203630923
2017-01-08,0.0118957709007941
2017-01-09,0.0118884299564598
2017-01-10,0.0118786286586237
2017-01-11,0.0118664981358199
2017-01-12,0.0118521695165825
2017-01-13,0.0118357739294455
2017-01-14,0.0118174425029433
2017-01-15,0.0117973063656097
2017-01-16,0.011775496645979
2017-01-17,0.0117521444725854
2017-01-18,0.0117273809739628
2017-01-19,0.0117013372786454
2017-01-20,0.0116741445151674
2017-01-21,0.0116459338120629
2017-01-22,0.0116168362978659
2017-01-23,0.0115869831011107
2017-01-24,0.0115565053503312
2017-01-25,0.0115255341740617
2017-01-26,0.0114942007008363
2017-01-27,0.011462636059189
2017-01-28,0.0114309713776541
2017-01-29,0.0113993377847655
2017-01-30,0.0113678664090575
2017-01-31,0.0113366883790642
2017-02-01,0.0113059348233196
2017-02-02,0.0112757090399773
2017-02-03,0.011246003005668
2017-02-04,0.0112167808666419
2017-02-05,0.0111880067691493
2017-02-06,0.0111596448594402
2017-02-07,0.0111316592837648
2017-02-08,0.0111040141883733
2017-02-09,0.0110766737195159
2017-02-10,0.0110496020234426
2017-02-11,0.0110227632464038
2017-02-12,0.0109961215346495
2017-02-13,0.01096964103443
2017-02-14,0.0109432858919953
2017-02-15,0.0109170202535957
2017-02-16,0.0108908082654813
2017-02-17,0.0108646140739023
2017-02-18,0.0108384018251088
2017-02-19,0.0108121356653511
2017-02-20,0.0107857797408792
2017-02-21,0.0107592981979434
2017-02-22,0.0107326551827937
2017-02-23,0.0107058148416805
2017-02-24,0.0106787413208538
2017-02-25,0.0106513987665638
2017-02-26,0.0106237513250607
2017-02-27,0.0105957631425947
2017-02-28,0.0105673983654158
2017-03-01,0.0105386211397744
2017-03-02,0.0105094112802145
2017-03-03,0.0104798112744565
2017-03-04,0.0104498792785147
2017-03-05,0.0104196734484036
2017-03-06,0.0103892519401374
2017-03-07,0.0103586729097306
2017-03-08,0.0103279945131975
2017-03-09,0.0102972749065525
2017-03-10,0.0102665722458098
2017-03-11,0.010235944686984
2017-03-12,0.0102054503860892
2017-03-13,0.01017514749914
2017-03-14,0.0101450941821506
2017-03-15,0.0101153485911355
2017-03-16,0.0100859688821089
2017-03-17,0.0100570132110852
2017-03-18,0.0100285397340788
2017-03-19,0.0100006066071041
2017-03-20,0.0099732719861754
2017-03-21,0.00994659402730707
2017-03-22,0.00992063088651346
2017-03-23,0.00989544071980894
2017-03-24,0.00987108168320787
2017-03-25,0.0098476119327246
2017-03-26,0.0098250896243735
2017-03-27,0.00980357291416893
2017-03-28,0.00978311995812525
2017-03-29,0.00976378891225681
2017-03-30,0.00974563793257798
2017-03-31,0.00972872517510311
2017-04-01,0.00971310879584656
2017-04-02,0.00969883726529668
2017-04-03,0.00968592031183769
2017-04-04,0.00967435797832781
2017-04-05,0.00966415030762527
2017-04-06,0.00965529734258827
2017-04-07,0.00964779912607503
2017-04-08,0.00964165570094376
2017-04-09,0.00963686711005268
2017-04-10,0.00963343339626001
2017-04-11,0.00963135460242396
2017-04-12,0.00963063077140274
2017-04-13,0.00963126194605458
2017-04-14,0.00963324816923768
2017-04-15,0.00963658948381026
2017-04-16,0.00964128593263054
2017-04-17,0.00964733755855673
2017-04-18,0.00965474440444704
2017-04-19,0.0096635065131597
2017-04-20,0.00967362392755292
2017-04-21,0.00968509669048491
2017-04-22,0.00969792484481388
2017-04-23,0.00971210843339806
2017-04-24,0.00972764749909566
2017-04-25,0.00974454208476489
2017-04-26,0.00976279223326397
2017-04-27,0.00978239798745111
2017-04-28,0.00980335939018453
2017-04-29,0.00982567648432245
2017-04-30,0.00984934931272307
2017-05-01,0.00987437791824462
2017-05-02,0.00990073972594397
2017-05-03,0.00992832168967262
2017-05-04,0.00995698814548076
2017-05-05,0.00998660342941853
2017-05-06,0.0100170318775361
2017-05-07,0.0100481378258837
2017-05-08,0.0100797856105114
2017-05-09,0.0101118395674694
2017-05-10,0.0101441640328079
2017-05-11,0.010176623342577
2017-05-12,0.010209081832827
2017-05-13,0.0102414038396079
2017-05-14,0.01027345369897
2017-05-15,0.0103050957469634
2017-05-16,0.0103361943196383
2017-05-17,0.0103666137530449
2017-05-18,0.0103962183832332
2017-05-19,0.0104248725462536
2017-05-20,0.0104524405781561
2017-05-21,0.0104787868149909
2017-05-22,0.0105037755928083
2017-05-23,0.0105272712476582
2017-05-24,0.010549138115591
2017-05-25,0.0105692405326568
2017-05-26,0.0105874428349058
2017-05-27,0.0106036093583881
2017-05-28,0.0106176044391539
2017-05-29,0.0106292924132533
2017-05-30,0.0106385376167366
2017-05-31,0.0106452043856538
2017-06-01,0.0106491570560553
2017-06-02,0.0106503128603264
2017-06-03,0.0106488006161942
2017-06-04,0.0106448020377211
2017-06-05,0.0106384988389694
2017-06-06,0.0106300727340016
2017-06-07,0.0106197054368798
2017-06-08,0.0106075786616666
2017-06-09,0.0105938741224243
2017-06-10,0.0105787735332153
2017-06-11,0.0105624586081019
2017-06-12,0.0105451110611464
2017-06-13,0.0105269126064114
2017-06-14,0.010508044957959
2017-06-15,0.0104886898298517
2017-06-16,0.0104690289361519
2017-06-17,0.0104492439909219
2017-06-18,0.0104295167082241
2017-06-19,0.0104100288021208
2017-06-20,0.0103909619866744
2017-06-21,0.0103724979759473
2017-06-22,0.0103548184840019
2017-06-23,0.0103381052249005
2017-06-24,0.0103225399127054
2017-06-25,0.0103083042614791
2017-06-26,0.0102955799852839
2017-06-27,0.0102845487981822
2017-06-28,0.0102753924142363
2017-06-29,0.0102682925475086
2017-06-30,0.0102634309120614
2017-07-01,0.0102609892219573
2017-07-02,0.0102611082526209
2017-07-03,0.0102637650249272
2017-07-04,0.0102688956211136
2017-07-05,0.0102764361234174
2017-07-06,0.0102863226140762
2017-07-07,0.0102984911753271
2017-07-08,0.0103128778894078
2017-07-09,0.0103294188385554
2017-07-10,0.0103480501050075
2017-07-11,0.0103687077710013
2017-07-12,0.0103913279187744
2017-07-13,0.0104158466305641
2017-07-14,0.0104421999886077
2017-07-15,0.0104703240751427
2017-07-16,0.0105001549724065
2017-07-17,0.0105316287626364
2017-07-18,0.0105646815280698
2017-07-19,0.0105992493509442
2017-07-20,0.0106352683134969
2017-07-21,0.0106726744979653
2017-07-22,0.0107114039865868
2017-07-23,0.0107513928615987
2017-07-24,0.0107925772052386
2017-07-25,0.0108348930997437
2017-07-26,0.0108782766273515
2017-07-27,0.0109226638702993
2017-07-28,0.0109679909108246
2017-07-29,0.0110141938311647
2017-07-30,0.011061208713557
2017-07-31,0.0111089716402389
2017-08-01,0.0111574186934478
2017-08-02,0.0112064904701649
2017-08-03,0.0112561456263465
2017-08-04,0.0113063473326929
2017-08-05,0.0113570587599043
2017-08-06,0.0114082430786809
2017-08-07,0.0114598634597228
2017-08-08,0.0115118830737302
2017-08-09,0.0115642650914033
2017-08-10,0.0116169726834424
2017-08-11,0.0116699690205476
2017-08-12,0.0117232172734191
2017-08-13,0.0117766806127571
2017-08-14,0.0118303222092618
2017-08-15,0.0118841052336333
2017-08-16,0.011937992856572
2017-08-17,0.0119919482487779
2017-08-18,0.0120459345809513
2017-08-19,0.0120999150237923
2017-08-20,0.0121538527480011
2017-08-21,0.012207710924278
2017-08-22,0.0122614527233231
2017-08-23,0.0123150413158367
2017-08-24,0.0123684398725188
2017-08-25,0.0124216115640698
2017-08-26,0.0124745195611897
2017-08-27,0.0125271270345789
2017-08-28,0.0125793971549374
2017-08-29,0.0126312930929655
2017-08-30,0.0126827780193634
2017-08-31,0.0127338151048312
2017-09-01,0.0127843675200691
2017-09-02,0.0128343980604637
2017-09-03,0.0128838680201464
2017-09-04,0.0129327383179349
2017-09-05,0.012980969872647
2017-09-06,0.0130285236031006
2017-09-07,0.0130753604281132
2017-09-08,0.0131214412665028
2017-09-09,0.013166727037087
2017-09-10,0.0132111786586837
2017-09-11,0.0132547570501105
2017-09-12,0.0132974231301853
2017-09-13,0.0133391378177258
2017-09-14,0.0133798620315497
2017-09-15,0.0134195566904749
2017-09-16,0.013458182713319
2017-09-17,0.0134957010188999
2017-09-18,0.0135320725260353
2017-09-19,0.0135672581535429
2017-09-20,0.0136012188202406
2017-09-21,0.013633915444946
2017-09-22,0.013665308946477
2017-09-23,0.0136953602436513
2017-09-24,0.0137240302552866
2017-09-25,0.0137512799002008
2017-09-26,0.0137770700972115
2017-09-27,0.0138013617651366
2017-09-28,0.0138241158227938
2017-09-29,0.0138452931890009
2017-09-30,0.0138648547825755
2017-10-01,0.0138827615223356
2017-10-02,0.0138989950292385
2017-10-03,0.0139136197328005
2017-10-04,0.0139267207646777
2017-10-05,0.013938383256526
2017-10-06,0.0139486923400013
2017-10-07,0.0139577331467598
2017-10-08,0.0139655908084574
2017-10-09,0.01397235045675
2017-10-10,0.0139780972232938
2017-10-11,0.0139829162397446
2017-10-12,0.0139868926377584
2017-10-13,0.0139901115489913
2017-10-14,0.0139926581050993
2017-10-15,0.0139946174377383
2017-10-16,0.0139960746785643
2017-10-17,0.0139971149592333
2017-10-18,0.0139978234114014
2017-10-19,0.0139982851667244
2017-10-20,0.0139985853568585
2017-10-21,0.0139988091134595
2017-10-22,0.0139990415681835
2017-10-23,0.0139993678526865
2017-10-24,0.0139998730986244
2017-10-25,0.0140006424376533
2017-10-26,0.0140017610014291
2017-10-27,0.0140033139216079
2017-10-28,0.0140053863298456
2017-10-29,0.0140080633577983
2017-10-30,0.0140114301371218
2017-10-31,0.0140155717994722
2017-11-01,0.0140205734765056
2017-11-02,0.0140264948975422
2017-11-03,0.0140332941825601
2017-11-04,0.0140409040492018
2017-11-05,0.0140492572151095
2017-11-06,0.0140582863979257
2017-11-07,0.0140679243152929
2017-11-08,0.0140781036848534
2017-11-09,0.0140887572242496
2017-11-10,0.014099817651124
2017-11-11,0.0141112176831189
2017-11-12,0.0141228900378767
2017-11-13,0.0141347674330399
2017-11-14,0.0141467825862509
2017-11-15,0.014158868215152
2017-11-16,0.0141709570373857
2017-11-17,0.0141829817705944
2017-11-18,0.0141948751324204
2017-11-19,0.0142065698405063
2017-11-20,0.0142179986124943
2017-11-21,0.014229094166027
2017-11-22,0.0142397892187466
2017-11-23,0.0142500164882957
2017-11-24,0.0142597086923166
2017-11-25,0.0142687985484517
2017-11-26,0.0142772187743434
2017-11-27,0.0142849020876342
2017-11-28,0.0142917812059664
2017-11-29,0.0142977888469825
2017-11-30,0.0143028577283248
2017-12-01,0.0143069205676358
2017-12-02,0.0143099211031157
2017-12-03,0.0143118471551962
2017-12-04,0.0143126975648667
2017-12-05,0.0143124711731168
2017-12-06,0.0143111668209359
2017-12-07,0.0143087833493136
2017-12-08,0.0143053195992393
2017-12-09,0.0143007744117025
2017-12-10,0.0142951466276927
2017-12-11,0.0142884350881995
2017-12-12,0.0142806386342122
2017-12-13,0.0142717561067205
2017-12-14,0.0142617863467137
2017-12-15,0.0142507281951815
2017-12-16,0.0142385804931132
2017-12-17,0.0142253420814984
2017-12-18,0.0142110118013266
2017-12-19,0.0141955884935872
2017-12-20,0.0141790709992698
2017-12-21,0.0141614581593639
2017-12-22,0.0141427488148589
2017-12-23,0.0141229418067443
2017-12-24,0.0141020359760097
2017-12-25,0.0140800301636445
2017-12-26,0.0140569232106382
2017-12-27,0.0140327139579804
2017-12-28,0.0140074012466605
2017-12-29,0.0139809839176679
2017-12-30,0.0139534608119923
2017-12-31,0.0139248307706231
2018-01-01,0.0138950926345497
2018-01-02,0.0138642747445682
2018-01-03,0.0138325234407005
2018-01-04,0.0138000145627747
2018-01-05,0.0137669239506194
2018-01-06,0.0137334274440628
2018-01-07,0.0136997008829333
2018-01-08,0.0136659201070592
2018-01-09,0.0136322609562689
2018-01-10,0.0135988992703906
2018-01-11,0.0135660108892528
2018-01-12,0.0135337716526837
2018-01-13,0.0135023574005117
2018-01-14,0.0134719439725652
2018-01-15,0.0134427072086724
2018-01-16,0.0134148229486617
2018-01-17,0.0133884670323615
2018-01-18,0.0133638152996001
2018-01-19,0.0133410435902058
2018-01-20,0.013320327744007
2018-01-21,0.013301843600832
2018-01-22,0.0132857670005091
2018-01-23,0.0132722737828667
2018-01-24,0.0132615397877332
2018-01-25,0.0132537408549367
2018-01-26,0.0132490528243058
2018-01-27,0.0132476515356687
2018-01-28,0.0132497128288538
2018-01-29,0.0132554125436894
2018-01-30,0.0132649265200038
2018-01-31,0.0132784305976254
2018-02-01,0.0132961006163826
2018-02-02,0.0133180251144535
2018-02-03,0.013343943423416
2018-02-04,0.013373507573198
2018-02-05,0.0134063695937273
2018-02-06,0.0134421815149316
2018-02-07,0.0134805953667387
2018-02-08,0.0135212631790764
2018-02-09,0.0135638369818726
2018-02-10,0.013607968805055
2018-02-11,0.0136533106785514
2018-02-12,0.0136995146322896
2018-02-13,0.0137462326961974
2018-02-14,0.0137931169002026
2018-02-15,0.013839819274233
2018-02-16,0.0138859918482164
2018-02-17,0.0139312866520806
2018-02-18,0.0139753557157533
2018-02-19,0.0140178510691624
2018-02-20,0.0140584247422357
2018-02-21,0.0140967287649009
2018-02-22,0.0141324151670859
2018-02-23,0.0141651359787185
2018-02-24,0.0141945432297263
2018-02-25,0.0142202889500374
2018-02-26,0.0142420251695793
2018-02-27,0.01425940391828
2018-02-28,0.0142720772260672
2018-03-01,0.0142796971228687
2018-03-02,0.0142820150323002
2018-03-03,0.0142791799527286
2018-03-04,0.0142714402762088
2018-03-05,0.0142590443947957
2018-03-06,0.014242240700544
2018-03-07,0.0142212775855087
2018-03-08,0.0141964034417444
2018-03-09,0.0141678666613062
2018-03-10,0.0141359156362488
2018-03-11,0.0141007987586271
2018-03-12,0.0140627644204959
2018-03-13,0.0140220610139101
2018-03-14,0.0139789369309244
2018-03-15,0.0139336405635938
2018-03-16,0.0138864203039731
2018-03-17,0.013837524544117
2018-03-18,0.0137872016760805
2018-03-19,0.0137357000919184
2018-03-20,0.0136832681836856
2018-03-21,0.0136301543434368
2018-03-22,0.0135766069632269
2018-03-23,0.0135228744351108
2018-03-24,0.0134692051511433
2018-03-25,0.0134158475033792
2018-03-26,0.0133630498838734
2018-03-27,0.0133110606846807
2018-03-28,0.0132601282978559
2018-03-29,0.0132105011154539
2018-03-30,0.0131624275295296
2018-03-31,0.0131161559321378
2018-04-01,0.0130719347153332
2018-04-02,0.0130299455347422
2018-04-03,0.012990103100276
2018-04-04,0.0129522553854175
2018-04-05,0.0129162503636495
2018-04-06,0.0128819360084546
2018-04-07,0.0128491602933157
2018-04-08,0.0128177711917155
2018-04-09,0.0127876166771368
2018-04-10,0.0127585447230623
2018-04-11,0.0127304033029748
2018-04-12,0.0127030403903571
2018-04-13,0.0126763039586919
2018-04-14,0.0126500419814619
2018-04-15,0.01262410243215
2018-04-16,0.0125983332842389
2018-04-17,0.0125725825112113
2018-04-18,0.0125466980865501
2018-04-19,0.0125205279837379
2018-04-20,0.0124939201762576
2018-04-21,0.0124667226375918
2018-04-22,0.0124387833412234
2018-04-23,0.0124099502606351
2018-04-24,0.0123800713693097
2018-04-25,0.0123489946407299
2018-04-26,0.0123165680483786
2018-04-27,0.0122826395657383
2018-04-28,0.012247057166292
2018-04-29,0.0122096688235224
2018-04-30,0.0121703225109122
2018-05-01,0.0121288662019442
2018-05-02,0.0120852071502171
2018-05-03,0.012039489729794
2018-05-04,0.0119919175948536
2018-05-05,0.011942694399575
2018-05-06,0.0118920237981369
2018-05-07,0.0118401094447185
2018-05-08,0.0117871549934985
2018-05-09,0.0117333640986559
2018-05-10,0.0116789404143696
2018-05-11,0.0116240875948186
2018-05-12,0.0115690092941817
2018-05-13,0.0115139091666379
2018-05-14,0.0114589908663661
2018-05-15,0.0114044580475452
2018-05-16,0.0113505143643541
2018-05-17,0.0112973634709718
2018-05-18,0.0112452090215771
2018-05-19,0.0111942546703491
2018-05-20,0.0111447040714665
2018-05-21,0.0110967608791084
2018-05-22,0.0110506287474537
2018-05-23,0.0110065113306812
2018-05-24,0.0109646122829699
2018-05-25,0.0109251352584987
2018-05-26,0.0108882839114466
2018-05-27,0.0108542618959924
2018-05-28,0.0108232728663151
2018-05-29,0.0107955204765936
2018-05-30,0.0107712083810068
2018-05-31,0.0107505402337336
2018-06-01,0.010733719688953
2018-06-02,0.0107208891492635
2018-06-03,0.0107119460109422
2018-06-04,0.0107067264186858
2018-06-05,0.0107050665171912
2018-06-06,0.0107068024511551
2018-06-07,0.0107117703652742
2018-06-08,0.0107198064042452
2018-06-09,0.0107307467127649
2018-06-10,0.0107444274355301
2018-06-11,0.0107606847172375
2018-06-12,0.0107793547025838
2018-06-13,0.0108002735362659
2018-06-14,0.0108232773629804
2018-06-15,0.010848202327424
2018-06-16,0.0108748845742936
2018-06-17,0.0109031602482859
2018-06-18,0.0109328654940977
2018-06-19,0.0109638364564256
2018-06-20,0.0109959092799664
2018-06-21,0.0110289201094169
2018-06-22,0.0110627050894739
2018-06-23,0.011097100364834
2018-06-24,0.011131942080194
2018-06-25,0.0111670663802507
2018-06-26,0.0112023094097009
2018-06-27,0.0112375073132412
2018-06-28,0.0112724962355683
2018-06-29,0.0113071123213792
2018-06-30,0.0113411917153705
2018-07-01,0.0113745705622389
2018-07-02,0.0114071034120859
2018-07-03,0.0114387184366318
2018-07-04,0.0114693622130018
2018-07-05,0.0114989813183206
2018-07-06,0.0115275223297135
2018-07-07,0.0115549318243055
2018-07-08,0.0115811563792215
2018-07-09,0.0116061425715866
2018-07-10,0.0116298369785259
2018-07-11,0.0116521861771642
2018-07-12,0.0116731367446268
2018-07-13,0.0116926352580386
2018-07-14,0.0117106282945246
2018-07-15,0.0117270624312098
2018-07-16,0.0117418842452194
2018-07-17,0.0117550403136783
2018-07-18,0.0117664772137115
2018-07-19,0.0117761415224441
2018-07-20,0.0117839798170011
2018-07-21,0.0117899386745075
2018-07-22,0.0117939646720884
2018-07-23,0.0117960043868688
2018-07-24,0.0117960043959737
2018-07-25,0.0117939112765281
2018-07-26,0.0117896716056571
2018-07-27,0.0117832319604857
2018-07-28,0.0117745389181389
2018-07-29,0.0117635390557417
2018-07-30,0.0117501789504193
2018-07-31,0.0117344051792965
2018-08-01,0.0117161643194985
2018-08-02,0.0116954350122533
2018-08-03,0.0116723241552011
2018-08-04,0.0116469707100853
2018-08-05,0.011619513638649
2018-08-06,0.0115900919026356
2018-08-07,0.0115588444637883
2018-08-08,0.0115259102838504
2018-08-09,0.0114914283245652
2018-08-10,0.0114555375476759
2018-08-11,0.0114183769149259
2018-08-12,0.0113800853880584
2018-08-13,0.0113408019288166
2018-08-14,0.0113006654989439
2018-08-15,0.0112598150601835
2018-08-16,0.0112183895742786
2018-08-17,0.0111765280029727
2018-08-18,0.0111343693080089
2018-08-19,0.0110920524511305
2018-08-20,0.0110497163940807
2018-08-21,0.011007500098603
2018-08-22,0.0109655425264404
2018-08-23,0.0109239826393364
2018-08-24,0.0108829593990341
2018-08-25,0.0108426117672769
2018-08-26,0.010803078705808
2018-08-27,0.0107644991763707
2018-08-28,0.0107270121407083
2018-08-29,0.010690756560564
2018-08-30,0.0106558713976812
2018-08-31,0.010622495613803
2018-09-01,0.0105907681706728
2018-09-02,0.0105607843196038
2018-09-03,0.0105324644701896
2018-09-04,0.0105056853215936
2018-09-05,0.0104803235729792
2018-09-06,0.0104562559235099
2018-09-07,0.0104333590723493
2018-09-08,0.0104115097186607
2018-09-09,0.0103905845616077
2018-09-10,0.0103704603003538
2018-09-11,0.0103510136340623
2018-09-12,0.0103321212618968
2018-09-13,0.0103136598830208
2018-09-14,0.0102955061965977
2018-09-15,0.0102775369017911
2018-09-16,0.0102596286977643
2018-09-17,0.0102416582836808
2018-09-18,0.0102235023587042
2018-09-19,0.0102050376219979
2018-09-20,0.0101861407727254
2018-09-21,0.0101666885100501
2018-09-22,0.0101465575331356
2018-09-23,0.0101256245411453
2018-09-24,0.0101037662332426
2018-09-25,0.0100808593085911
2018-09-26,0.0100567804663542
2018-09-27,0.0100314064056955
2018-09-28,0.0100046138257783
2018-09-29,0.00997627942576612
2018-09-30,0.0099462799048225
2018-10-01,0.00991449196211089
2018-10-02,0.00988084537996439
2018-10-03,0.00984548227339473
2018-10-04,0.00980859784058323
2018-10-05,0.00977038727971126
2018-10-06,0.00973104578896017
2018-10-07,0.0096907685665113
2018-10-08,0.009649750810546
2018-10-09,0.00960818771924562
2018-10-10,0.00956627449079151
2018-10-11,0.00952420632336503
2018-10-12,0.00948217841514751
2018-10-13,0.00944038596432032
2018-10-14,0.00939902416906479
2018-10-15,0.00935828822756229
2018-10-16,0.00931837333799415
2018-10-17,0.00927947469854172
2018-10-18,0.00924178750738637
2018-10-19,0.00920550696270943
2018-10-20,0.00917082826269226
2018-10-21,0.0091379466055162
2018-10-22,0.00910705718936261
2018-10-23,0.00907835521241283
2018-10-24,0.00905203587284821
2018-10-25,0.00902829436885011
2018-10-26,0.00900732589859987
2018-10-27,0.00898932566027884
2018-10-28,0.00897448885206837
2018-10-29,0.00896301067214982
2018-10-30,0.00895508631870452
2018-10-31,0.00895091098991383
2018-11-01,0.00895067988395911
2018-11-02,0.0089545232629341
2018-11-03,0.00896231164458221
2018-11-04,0.00897385061055926
2018-11-05,0.00898894574252105
2018-11-06,0.00900740262212341
2018-11-07,0.00902902683102215
2018-11-08,0.00905362395087307
2018-11-09,0.00908099956333199
2018-11-10,0.00911095925005472
2018-11-11,0.00914330859269709
2018-11-12,0.00917785317291489
2018-11-13,0.00921439857236395
2018-11-14,0.00925275037270008
2018-11-15,0.00929271415557908
2018-11-16,0.00933409550265678
2018-11-17,0.00937669999558899
2018-11-18,0.00942033321603152
2018-11-19,0.00946480074564018
2018-11-20,0.00950990816607079
2018-11-21,0.00955546105897916
2018-11-22,0.0096012650060211
2018-11-23,0.00964712558885243
2018-11-24,0.00969284838912896
2018-11-25,0.0097382389885065
2018-11-26,0.00978310296864087
2018-11-27,0.00982724591118788
2018-11-28,0.00987047339780334
2018-11-29,0.00991259101014307
2018-11-30,0.00995340432986288
2018-12-01,0.00999271893861857
2018-12-02,0.0100303819239691
2018-12-03,0.0100664063970858
2018-12-04,0.0101008469750431
2018-12-05,0.0101337582749155
2018-12-06,0.0101651949137774
2018-12-07,0.0101952115087034
2018-12-08,0.0102238626767678
2018-12-09,0.0102512030350452
2018-12-10,0.0102772872006099
2018-12-11,0.0103021697905366
2018-12-12,0.0103259054218995
2018-12-13,0.0103485487117732
2018-12-14,0.0103701542772321
2018-12-15,0.0103907767353508
2018-12-16,0.0104104707032036
2018-12-17,0.010429290797865
2018-12-18,0.0104472916364096
2018-12-19,0.0104645278359116
2018-12-20,0.0104810540134457
2018-12-21,0.0104969247860862
2018-12-22,0.0105121947709077
2018-12-23,0.0105269185849845
2018-12-24,0.0105411508453912
2018-12-25,0.0105549461692023
2018-12-26,0.010568359173492
2018-12-27,0.0105814444753351
2018-12-28,0.0105942566918058
2018-12-29,0.0106068504399786
2018-12-30,0.0106192803369281
2018-12-31,0.0106316009997287
2019-01-01,0.0106438670454548
