date,Kd
2011-01-01,0.373077955
2011-01-02,0.371027313
2011-01-03,0.368976672
2011-01-04,0.36692603
2011-01-05,0.364875388
2011-01-06,0.362824746
2011-01-07,0.360774105
2011-01-08,0.358723463
2011-01-09,0.356672821
2011-01-10,0.35462218
2011-01-11,0.352571538
2011-01-12,0.350520896
2011-01-13,0.348470254
2011-01-14,0.346419613
2011-01-15,0.344368971
2011-01-16,0.342318329
2011-01-17,0.340267688
2011-01-18,0.338217046
2011-01-19,0.336166404
2011-01-20,0.334115762
2011-01-21,0.332065121
2011-01-22,0.330014479
2011-01-23,0.327963837
2011-01-24,0.325913195
2011-01-25,0.323862554
2011-01-26,0.321811912
2011-01-27,0.31976127
2011-01-28,0.317710629
2011-01-29,0.315659987
2011-01-30,0.313609345
2011-01-31,0.311558703
2011-02-01,0.309508062
2011-02-02,0.30745742
2011-02-03,0.305406778
2011-02-04,0.303356137
2011-02-05,0.301305495
2011-02-06,0.299254853
2011-02-07,0.297204211
2011-02-08,0.29515357
2011-02-09,0.293102928
2011-02-10,0.291052286
2011-02-11,0.289001644
2011-02-12,0.286951003
2011-02-13,0.284900361
2011-02-14,0.282849719
2011-02-15,0.280799078
2011-02-16,0.278748436
2011-02-17,0.276697794
2011-02-18,0.274647152
2011-02-19,0.272596511
2011-02-20,0.270545869
2011-02-21,0.268495227
2011-02-22,0.266444586
2011-02-23,0.264393944
2011-02-24,0.262343302
2011-02-25,0.26029266
2011-02-26,0.258242019
2011-02-27,0.256191377
2011-02-28,0.254140735
2011-03-01,0.252090093
2011-03-02,0.250039452
2011-03-03,0.24798881
2011-03-04,0.245938168
2011-03-05,0.243887527
2011-03-06,0.241836885
2011-03-07,0.239786243
2011-03-08,0.237735601
2011-03-09,0.23568496
2011-03-10,0.233634318
2011-03-11,0.231583676
2011-03-12,0.229533035
2011-03-13,0.227482393
2011-03-14,0.225431751
2011-03-15,0.223381109
2011-03-16,0.221330468
2011-03-17,0.219279826
2011-03-18,0.217229184
2011-03-19,0.215178542
2011-03-20,0.216475002
2011-03-21,0.217771461
2011-03-22,0.21906792
2011-03-23,0.220364379
2011-03-24,0.221660838
2011-03-25,0.222957297
2011-03-26,0.224253756
2011-03-27,0.225550216
2011-03-28,0.226846675
2011-03-29,0.228143134
2011-03-30,0.229439593
2011-03-31,0.230736052
2011-04-01,0.232032511
2011-04-02,0.23332897
2011-04-03,0.23462543
2011-04-04,0.235921889
2011-04-05,0.237218348
2011-04-06,0.238514807
2011-04-07,0.239811266
2011-04-08,0.241107725
2011-04-09,0.242404184
2011-04-10,0.243700644
2011-04-11,0.244997103
2011-04-12,0.246293562
2011-04-13,0.247590021
2011-04-14,0.24888648
2011-04-15,0.250182939
2011-04-16,0.251479398
2011-04-17,0.252775857
2011-04-18,0.254072317
2011-04-19,0.255368776
2011-04-20,0.256665235
2011-04-21,0.257961694
2011-04-22,0.259258153
2011-04-23,0.260554612
2011-04-24,0.261851071
2011-04-25,0.264635407
2011-04-26,0.267419742
2011-04-27,0.270204078
2011-04-28,0.272988413
2011-04-29,0.275772749
2011-04-30,0.278557084
2011-05-01,0.28134142
2011-05-02,0.284125755
2011-05-03,0.286910091
2011-05-04,0.289694426
2011-05-05,0.292478762
2011-05-06,0.295263097
2011-05-07,0.298047433
2011-05-08,0.300831768
2011-05-09,0.303616104
2011-05-10,0.310366868
2011-05-11,0.317117633
2011-05-12,0.323868397
2011-05-13,0.330619162
2011-05-14,0.337369926
2011-05-15,0.344120691
2011-05-16,0.350871455
2011-05-17,0.35762222
2011-05-18,0.364372985
2011-05-19,0.371123749
2011-05-20,0.377874514
2011-05-21,0.467091655
2011-05-22,0.556308797
2011-05-23,0.645525938
2011-05-24,0.73474308
2011-05-25,0.823960222
2011-05-26,0.913177363
2011-05-27,1.002394505
2011-05-28,1.091611646
2011-05-29,1.180828788
2011-05-30,1.270045929
2011-05-31,1.359263071
2011-06-01,1.448480213
2011-06-02,1.537697354
2011-06-03,1.626914496
2011-06-04,1.716131637
2011-06-05,1.667326306
2011-06-06,1.618520975
2011-06-07,1.569715645
2011-06-08,1.520910314
2011-06-09,1.472104983
2011-06-10,1.423299652
2011-06-11,1.374494321
2011-06-12,1.32568899
2011-06-13,1.276883659
2011-06-14,1.228078328
2011-06-15,1.179272997
2011-06-16,1.130467666
2011-06-17,1.081662335
2011-06-18,1.032857004
2011-06-19,0.978300967
2011-06-20,0.923744931
2011-06-21,0.869188894
2011-06-22,0.814632858
2011-06-23,0.760076821
2011-06-24,0.705520784
2011-06-25,0.650964748
2011-06-26,0.596408711
2011-06-27,0.541852674
2011-06-28,0.487296638
2011-06-29,0.432740601
2011-06-30,0.378184565
2011-07-01,0.323628528
2011-07-02,0.269072491
2011-07-03,0.214516455
2011-07-04,0.220595868
2011-07-05,0.226675282
2011-07-06,0.232754696
2011-07-07,0.238834109
2011-07-08,0.244913523
2011-07-09,0.250992937
2011-07-10,0.257072351
2011-07-11,0.263151764
2011-07-12,0.269231178
2011-07-13,0.275310592
2011-07-14,0.281390005
2011-07-15,0.287469419
2011-07-16,0.293548833
2011-07-17,0.299190811
2011-07-18,0.30483279
2011-07-19,0.310474769
2011-07-20,0.316116747
2011-07-21,0.321758726
2011-07-22,0.327400705
2011-07-23,0.333042684
2011-07-24,0.338684662
2011-07-25,0.344326641
2011-07-26,0.34996862
2011-07-27,0.355610598
2011-07-28,0.361252577
2011-07-29,0.366894556
2011-07-30,0.372536534
2011-07-31,0.378178513
2011-08-01,0.383820492
2011-08-02,0.389462471
2011-08-03,0.395104449
2011-08-04,0.400746428
2011-08-05,0.406388407
2011-08-06,0.412030385
2011-08-07,0.417672364
2011-08-08,0.423314343
2011-08-09,0.428956321
2011-08-10,0.4345983
2011-08-11,0.440240279
2011-08-12,0.445882257
2011-08-13,0.451524236
2011-08-14,0.457166215
2011-08-15,0.441058604
2011-08-16,0.441945613
2011-08-17,0.442832622
2011-08-18,0.443719631
2011-08-19,0.444606641
2011-08-20,0.44549365
2011-08-21,0.446380659
2011-08-22,0.447267668
2011-08-23,0.467833092
2011-08-24,0.488398516
2011-08-25,0.50896394
2011-08-26,0.529529364
2011-08-27,0.550094788
2011-08-28,0.570660212
2011-08-29,0.591225636
2011-08-30,0.61179106
2011-08-31,0.632356484
2011-09-01,0.652921908
2011-09-02,0.673487332
2011-09-03,0.694052755
2011-09-04,0.714618179
2011-09-05,0.735183603
2011-09-06,0.755749027
2011-09-07,0.75035082
2011-09-08,0.744952613
2011-09-09,0.739554405
2011-09-10,0.734156198
2011-09-11,0.728757991
2011-09-12,0.723359783
2011-09-13,0.717961576
2011-09-14,0.712563369
2011-09-15,0.707165161
2011-09-16,0.701766954
2011-09-17,0.696368747
2011-09-18,0.690970539
2011-09-19,0.685572332
2011-09-20,0.680174125
2011-09-21,0.661280399
2011-09-22,0.642386673
2011-09-23,0.623492948
2011-09-24,0.604599222
2011-09-25,0.585705496
2011-09-26,0.56681177
2011-09-27,0.54779513
2011-09-28,0.52877849
2011-09-29,0.50976185
2011-09-30,0.490745209
2011-10-01,0.471728569
2011-10-02,0.452711929
2011-10-03,0.433695289
2011-10-04,0.414678648
2011-10-05,0.413557401
2011-10-06,0.412436153
2011-10-07,0.411314905
2011-10-08,0.410193657
2011-10-09,0.409072409
2011-10-10,0.407951161
2011-10-11,0.406829913
2011-10-12,0.405708666
2011-10-13,0.404587418
2011-10-14,0.40346617
2011-10-15,0.402344922
2011-10-16,0.401223674
2011-10-17,0.400102426
2011-10-18,0.40725352
2011-10-19,0.414404614
2011-10-20,0.421555708
2011-10-21,0.428706802
2011-10-22,0.435857896
2011-10-23,0.44300899
2011-10-24,0.450160084
2011-10-25,0.457311178
2011-10-26,0.464462272
2011-10-27,0.471613366
2011-10-28,0.47876446
2011-10-29,0.485915554
2011-10-30,0.493066648
2011-10-31,0.500217742
2011-11-01,0.4981671
2011-11-02,0.496116458
2011-11-03,0.494065817
2011-11-04,0.492015175
2011-11-05,0.489964533
2011-11-06,0.487913892
2011-11-07,0.48586325
2011-11-08,0.483812608
2011-11-09,0.481761966
2011-11-10,0.479711325
2011-11-11,0.477660683
2011-11-12,0.475610041
2011-11-13,0.473559399
2011-11-14,0.471508758
2011-11-15,0.469458116
2011-11-16,0.467407474
2011-11-17,0.465356833
2011-11-18,0.463306191
2011-11-19,0.461255549
2011-11-20,0.459204907
2011-11-21,0.457154266
2011-11-22,0.455103624
2011-11-23,0.453052982
2011-11-24,0.451002341
2011-11-25,0.448951699
2011-11-26,0.446901057
2011-11-27,0.444850415
2011-11-28,0.442799774
2011-11-29,0.440749132
2011-11-30,0.43869849
2011-12-01,0.436647848
2011-12-02,0.434597207
2011-12-03,0.432546565
2011-12-04,0.430495923
2011-12-05,0.428445282
2011-12-06,0.42639464
2011-12-07,0.424343998
2011-12-08,0.422293356
2011-12-09,0.420242715
2011-12-10,0.418192073
2011-12-11,0.416141431
2011-12-12,0.41409079
2011-12-13,0.412040148
2011-12-14,0.409989506
2011-12-15,0.407938864
2011-12-16,0.405888223
2011-12-17,0.403837581
2011-12-18,0.401786939
2011-12-19,0.399736297
2011-12-20,0.397685656
2011-12-21,0.395635014
2011-12-22,0.393584372
2011-12-23,0.391533731
2011-12-24,0.389483089
2011-12-25,0.387432447
2011-12-26,0.385381805
2011-12-27,0.383331164
2011-12-28,0.381280522
2011-12-29,0.37922988
2011-12-30,0.377179239
2011-12-31,0.375128597
2012-01-01,0.373077955
2012-01-02,0.371027313
2012-01-03,0.368976672
2012-01-04,0.36692603
2012-01-05,0.364875388
2012-01-06,0.362824746
2012-01-07,0.360774105
2012-01-08,0.358723463
2012-01-09,0.356672821
2012-01-10,0.35462218
2012-01-11,0.352571538
2012-01-12,0.350520896
2012-01-13,0.348470254
2012-01-14,0.346419613
2012-01-15,0.344368971
2012-01-16,0.342318329
2012-01-17,0.340267688
2012-01-18,0.338217046
2012-01-19,0.336166404
2012-01-20,0.334115762
2012-01-21,0.332065121
2012-01-22,0.330014479
2012-01-23,0.327963837
2012-01-24,0.325913195
2012-01-25,0.323862554
2012-01-26,0.321811912
2012-01-27,0.31976127
2012-01-28,0.317710629
2012-01-29,0.315659987
2012-01-30,0.313609345
2012-01-31,0.311558703
2012-02-01,0.309508062
2012-02-02,0.30745742
2012-02-03,0.305406778
2012-02-04,0.303356137
2012-02-05,0.301305495
2012-02-06,0.299254853
2012-02-07,0.297204211
2012-02-08,0.29515357
2012-02-09,0.293102928
2012-02-10,0.291052286
2012-02-11,0.289001644
2012-02-12,0.286951003
2012-02-13,0.284900361
2012-02-14,0.282849719
2012-02-15,0.280799078
2012-02-16,0.278748436
2012-02-17,0.276697794
2012-02-18,0.274647152
2012-02-19,0.272596511
2012-02-20,0.270545869
2012-02-21,0.268495227
2012-02-22,0.266444586
2012-02-23,0.264393944
2012-02-24,0.262343302
2012-02-25,0.26029266
2012-02-26,0.258242019
2012-02-27,0.256191377
2012-02-28,0.254140735
2012-02-29,0.252090093
2012-03-01,0.250039452
2012-03-02,0.24798881
2012-03-03,0.245938168
2012-03-04,0.243887527
2012-03-05,0.241836885
2012-03-06,0.239786243
2012-03-07,0.237735601
2012-03-08,0.23568496
2012-03-09,0.233634318
2012-03-10,0.231583676
2012-03-11,0.229533035
2012-03-12,0.227482393
2012-03-13,0.225431751
2012-03-14,0.223381109
2012-03-15,0.221330468
2012-03-16,0.219279826
2012-03-17,0.217229184
2012-03-18,0.215178542
2012-03-19,0.216475002
2012-03-20,0.217771461
2012-03-21,0.21906792
2012-03-22,0.220364379
2012-03-23,0.221660838
2012-03-24,0.222957297
2012-03-25,0.224253756
2012-03-26,0.225550216
2012-03-27,0.226846675
2012-03-28,0.228143134
2012-03-29,0.229439593
2012-03-30,0.230736052
2012-03-31,0.232032511
2012-04-01,0.23332897
2012-04-02,0.23462543
2012-04-03,0.235921889
2012-04-04,0.237218348
2012-04-05,0.238514807
2012-04-06,0.239811266
2012-04-07,0.241107725
2012-04-08,0.242404184
2012-04-09,0.243700644
2012-04-10,0.244997103
2012-04-11,0.246293562
2012-04-12,0.247590021
2012-04-13,0.24888648
2012-04-14,0.250182939
2012-04-15,0.251479398
2012-04-16,0.252775857
2012-04-17,0.254072317
2012-04-18,0.255368776
2012-04-19,0.256665235
2012-04-20,0.257961694
2012-04-21,0.259258153
2012-04-22,0.260554612
2012-04-23,0.261851071
2012-04-24,0.264635407
2012-04-25,0.267419742
2012-04-26,0.270204078
2012-04-27,0.272988413
2012-04-28,0.275772749
2012-04-29,0.278557084
2012-04-30,0.28134142
2012-05-01,0.284125755
2012-05-02,0.286910091
2012-05-03,0.289694426
2012-05-04,0.292478762
2012-05-05,0.295263097
2012-05-06,0.298047433
2012-05-07,0.300831768
2012-05-08,0.303616104
2012-05-09,0.310366868
2012-05-10,0.317117633
2012-05-11,0.323868397
2012-05-12,0.330619162
2012-05-13,0.337369926
2012-05-14,0.344120691
2012-05-15,0.350871455
2012-05-16,0.35762222
2012-05-17,0.364372985
2012-05-18,0.371123749
2012-05-19,0.377874514
2012-05-20,0.467091655
2012-05-21,0.556308797
2012-05-22,0.645525938
2012-05-23,0.73474308
2012-05-24,0.823960222
2012-05-25,0.913177363
2012-05-26,1.002394505
2012-05-27,1.091611646
2012-05-28,1.180828788
2012-05-29,1.270045929
2012-05-30,1.359263071
2012-05-31,1.448480213
2012-06-01,1.537697354
2012-06-02,1.626914496
2012-06-03,1.716131637
2012-06-04,1.667326306
2012-06-05,1.618520975
2012-06-06,1.569715645
2012-06-07,1.520910314
2012-06-08,1.472104983
2012-06-09,1.423299652
2012-06-10,1.374494321
2012-06-11,1.32568899
2012-06-12,1.276883659
2012-06-13,1.228078328
2012-06-14,1.179272997
2012-06-15,1.130467666
2012-06-16,1.081662335
2012-06-17,1.032857004
2012-06-18,0.978300967
2012-06-19,0.923744931
2012-06-20,0.869188894
2012-06-21,0.814632858
2012-06-22,0.760076821
2012-06-23,0.705520784
2012-06-24,0.650964748
2012-06-25,0.596408711
2012-06-26,0.541852674
2012-06-27,0.487296638
2012-06-28,0.432740601
2012-06-29,0.378184565
2012-06-30,0.323628528
2012-07-01,0.269072491
2012-07-02,0.214516455
2012-07-03,0.220595868
2012-07-04,0.226675282
2012-07-05,0.232754696
2012-07-06,0.238834109
2012-07-07,0.244913523
2012-07-08,0.250992937
2012-07-09,0.257072351
2012-07-10,0.263151764
2012-07-11,0.269231178
2012-07-12,0.275310592
2012-07-13,0.281390005
2012-07-14,0.287469419
2012-07-15,0.293548833
2012-07-16,0.299190811
2012-07-17,0.30483279
2012-07-18,0.310474769
2012-07-19,0.316116747
2012-07-20,0.321758726
2012-07-21,0.327400705
2012-07-22,0.333042684
2012-07-23,0.338684662
2012-07-24,0.344326641
2012-07-25,0.34996862
2012-07-26,0.355610598
2012-07-27,0.361252577
2012-07-28,0.366894556
2012-07-29,0.372536534
2012-07-30,0.378178513
2012-07-31,0.383820492
2012-08-01,0.389462471
2012-08-02,0.395104449
2012-08-03,0.400746428
2012-08-04,0.406388407
2012-08-05,0.412030385
2012-08-06,0.417672364
2012-08-07,0.423314343
2012-08-08,0.428956321
2012-08-09,0.4345983
2012-08-10,0.440240279
2012-08-11,0.445882257
2012-08-12,0.451524236
2012-08-13,0.457166215
2012-08-14,0.441058604
2012-08-15,0.441945613
2012-08-16,0.442832622
2012-08-17,0.443719631
2012-08-18,0.444606641
2012-08-19,0.44549365
2012-08-20,0.446380659
2012-08-21,0.447267668
2012-08-22,0.467833092
2012-08-23,0.488398516
2012-08-24,0.50896394
2012-08-25,0.529529364
2012-08-26,0.550094788
2012-08-27,0.570660212
2012-08-28,0.591225636
2012-08-29,0.61179106
2012-08-30,0.632356484
2012-08-31,0.652921908
2012-09-01,0.673487332
2012-09-02,0.694052755
2012-09-03,0.714618179
2012-09-04,0.735183603
2012-09-05,0.755749027
2012-09-06,0.75035082
2012-09-07,0.744952613
2012-09-08,0.739554405
2012-09-09,0.734156198
2012-09-10,0.728757991
2012-09-11,0.723359783
2012-09-12,0.717961576
2012-09-13,0.712563369
2012-09-14,0.707165161
2012-09-15,0.701766954
2012-09-16,0.696368747
2012-09-17,0.690970539
2012-09-18,0.685572332
2012-09-19,0.680174125
2012-09-20,0.661280399
2012-09-21,0.642386673
2012-09-22,0.623492948
2012-09-23,0.604599222
2012-09-24,0.585705496
2012-09-25,0.56681177
2012-09-26,0.54779513
2012-09-27,0.52877849
2012-09-28,0.50976185
2012-09-29,0.490745209
2012-09-30,0.471728569
2012-10-01,0.452711929
2012-10-02,0.433695289
2012-10-03,0.414678648
2012-10-04,0.413557401
2012-10-05,0.412436153
2012-10-06,0.411314905
2012-10-07,0.410193657
2012-10-08,0.409072409
2012-10-09,0.407951161
2012-10-10,0.406829913
2012-10-11,0.405708666
2012-10-12,0.404587418
2012-10-13,0.40346617
2012-10-14,0.402344922
2012-10-15,0.401223674
2012-10-16,0.400102426
2012-10-17,0.40725352
2012-10-18,0.414404614
2012-10-19,0.421555708
2012-10-20,0.428706802
2012-10-21,0.435857896
2012-10-22,0.44300899
2012-10-23,0.450160084
2012-10-24,0.457311178
2012-10-25,0.464462272
2012-10-26,0.471613366
2012-10-27,0.47876446
2012-10-28,0.485915554
2012-10-29,0.493066648
2012-10-30,0.500217742
2012-10-31,0.4981671
2012-11-01,0.496116458
2012-11-02,0.494065817
2012-11-03,0.492015175
2012-11-04,0.489964533
2012-11-05,0.487913892
2012-11-06,0.48586325
2012-11-07,0.483812608
2012-11-08,0.481761966
2012-11-09,0.479711325
2012-11-10,0.477660683
2012-11-11,0.475610041
2012-11-12,0.473559399
2012-11-13,0.471508758
2012-11-14,0.469458116
2012-11-15,0.467407474
2012-11-16,0.465356833
2012-11-17,0.463306191
2012-11-18,0.461255549
2012-11-19,0.459204907
2012-11-20,0.457154266
2012-11-21,0.455103624
2012-11-22,0.453052982
2012-11-23,0.451002341
2012-11-24,0.448951699
2012-11-25,0.446901057
2012-11-26,0.444850415
2012-11-27,0.442799774
2012-11-28,0.440749132
2012-11-29,0.43869849
2012-11-30,0.436647848
2012-12-01,0.434597207
2012-12-02,0.432546565
2012-12-03,0.430495923
2012-12-04,0.428445282
2012-12-05,0.42639464
2012-12-06,0.424343998
2012-12-07,0.422293356
2012-12-08,0.420242715
2012-12-09,0.418192073
2012-12-10,0.416141431
2012-12-11,0.41409079
2012-12-12,0.412040148
2012-12-13,0.409989506
2012-12-14,0.407938864
2012-12-15,0.405888223
2012-12-16,0.403837581
2012-12-17,0.401786939
2012-12-18,0.399736297
2012-12-19,0.397685656
2012-12-20,0.395635014
2012-12-21,0.393584372
2012-12-22,0.391533731
2012-12-23,0.389483089
2012-12-24,0.387432447
2012-12-25,0.385381805
2012-12-26,0.383331164
2012-12-27,0.381280522
2012-12-28,0.37922988
2012-12-29,0.377179239
2012-12-30,0.375128597
2012-12-31,0.373077955
2013-01-01,0.371027313
2013-01-02,0.368976672
2013-01-03,0.36692603
2013-01-04,0.364875388
2013-01-05,0.362824746
2013-01-06,0.360774105
2013-01-07,0.358723463
2013-01-08,0.356672821
2013-01-09,0.35462218
2013-01-10,0.352571538
2013-01-11,0.350520896
2013-01-12,0.348470254
2013-01-13,0.346419613
2013-01-14,0.344368971
2013-01-15,0.342318329
2013-01-16,0.340267688
2013-01-17,0.338217046
2013-01-18,0.336166404
2013-01-19,0.334115762
2013-01-20,0.332065121
2013-01-21,0.330014479
2013-01-22,0.327963837
2013-01-23,0.325913195
2013-01-24,0.323862554
2013-01-25,0.321811912
2013-01-26,0.31976127
2013-01-27,0.317710629
2013-01-28,0.315659987
2013-01-29,0.313609345
2013-01-30,0.311558703
2013-01-31,0.309508062
2013-02-01,0.30745742
2013-02-02,0.305406778
2013-02-03,0.303356137
2013-02-04,0.301305495
2013-02-05,0.299254853
2013-02-06,0.297204211
2013-02-07,0.29515357
2013-02-08,0.293102928
2013-02-09,0.291052286
2013-02-10,0.289001644
2013-02-11,0.286951003
2013-02-12,0.284900361
2013-02-13,0.282849719
2013-02-14,0.280799078
2013-02-15,0.278748436
2013-02-16,0.276697794
2013-02-17,0.274647152
2013-02-18,0.272596511
2013-02-19,0.270545869
2013-02-20,0.268495227
2013-02-21,0.266444586
2013-02-22,0.264393944
2013-02-23,0.262343302
2013-02-24,0.26029266
2013-02-25,0.258242019
2013-02-26,0.256191377
2013-02-27,0.254140735
2013-02-28,0.252090093
2013-03-01,0.250039452
2013-03-02,0.24798881
2013-03-03,0.245938168
2013-03-04,0.243887527
2013-03-05,0.241836885
2013-03-06,0.239786243
2013-03-07,0.237735601
2013-03-08,0.23568496
2013-03-09,0.233634318
2013-03-10,0.231583676
2013-03-11,0.229533035
2013-03-12,0.227482393
2013-03-13,0.225431751
2013-03-14,0.223381109
2013-03-15,0.221330468
2013-03-16,0.219279826
2013-03-17,0.217229184
2013-03-18,0.215178542
2013-03-19,0.216475002
2013-03-20,0.217771461
2013-03-21,0.21906792
2013-03-22,0.220364379
2013-03-23,0.221660838
2013-03-24,0.222957297
2013-03-25,0.224253756
2013-03-26,0.225550216
2013-03-27,0.226846675
2013-03-28,0.228143134
2013-03-29,0.229439593
2013-03-30,0.230736052
2013-03-31,0.232032511
2013-04-01,0.23332897
2013-04-02,0.23462543
2013-04-03,0.235921889
2013-04-04,0.237218348
2013-04-05,0.238514807
2013-04-06,0.239811266
2013-04-07,0.241107725
2013-04-08,0.242404184
2013-04-09,0.243700644
2013-04-10,0.244997103
2013-04-11,0.246293562
2013-04-12,0.247590021
2013-04-13,0.24888648
2013-04-14,0.250182939
2013-04-15,0.251479398
2013-04-16,0.252775857
2013-04-17,0.254072317
2013-04-18,0.255368776
2013-04-19,0.256665235
2013-04-20,0.257961694
2013-04-21,0.259258153
2013-04-22,0.260554612
2013-04-23,0.261851071
2013-04-24,0.264635407
2013-04-25,0.267419742
2013-04-26,0.270204078
2013-04-27,0.272988413
2013-04-28,0.275772749
2013-04-29,0.278557084
2013-04-30,0.28134142
2013-05-01,0.284125755
2013-05-02,0.286910091
2013-05-03,0.289694426
2013-05-04,0.292478762
2013-05-05,0.295263097
2013-05-06,0.298047433
2013-05-07,0.300831768
2013-05-08,0.303616104
2013-05-09,0.310366868
2013-05-10,0.317117633
2013-05-11,0.323868397
2013-05-12,0.330619162
2013-05-13,0.337369926
2013-05-14,0.344120691
2013-05-15,0.350871455
2013-05-16,0.35762222
2013-05-17,0.364372985
2013-05-18,0.371123749
2013-05-19,0.377874514
2013-05-20,0.467091655
2013-05-21,0.556308797
2013-05-22,0.645525938
2013-05-23,0.73474308
2013-05-24,0.823960222
2013-05-25,0.913177363
2013-05-26,1.002394505
2013-05-27,1.091611646
2013-05-28,1.180828788
2013-05-29,1.270045929
2013-05-30,1.359263071
2013-05-31,1.448480213
2013-06-01,1.537697354
2013-06-02,1.626914496
2013-06-03,1.716131637
2013-06-04,1.667326306
2013-06-05,1.618520975
2013-06-06,1.569715645
2013-06-07,1.520910314
2013-06-08,1.472104983
2013-06-09,1.423299652
2013-06-10,1.374494321
2013-06-11,1.32568899
2013-06-12,1.276883659
2013-06-13,1.228078328
2013-06-14,1.179272997
2013-06-15,1.130467666
2013-06-16,1.081662335
2013-06-17,1.032857004
2013-06-18,0.978300967
2013-06-19,0.923744931
2013-06-20,0.869188894
2013-06-21,0.814632858
2013-06-22,0.760076821
2013-06-23,0.705520784
2013-06-24,0.650964748
2013-06-25,0.596408711
2013-06-26,0.541852674
2013-06-27,0.487296638
2013-06-28,0.432740601
2013-06-29,0.378184565
2013-06-30,0.323628528
2013-07-01,0.269072491
2013-07-02,0.214516455
2013-07-03,0.220595868
2013-07-04,0.226675282
2013-07-05,0.232754696
2013-07-06,0.238834109
2013-07-07,0.244913523
2013-07-08,0.250992937
2013-07-09,0.257072351
2013-07-10,0.263151764
2013-07-11,0.269231178
2013-07-12,0.275310592
2013-07-13,0.281390005
2013-07-14,0.287469419
2013-07-15,0.293548833
2013-07-16,0.299190811
2013-07-17,0.30483279
2013-07-18,0.310474769
2013-07-19,0.316116747
2013-07-20,0.321758726
2013-07-21,0.327400705
2013-07-22,0.333042684
2013-07-23,0.338684662
2013-07-24,0.344326641
2013-07-25,0.34996862
2013-07-26,0.355610598
2013-07-27,0.361252577
2013-07-28,0.366894556
2013-07-29,0.372536534
2013-07-30,0.378178513
2013-07-31,0.383820492
2013-08-01,0.389462471
2013-08-02,0.395104449
2013-08-03,0.400746428
2013-08-04,0.406388407
2013-08-05,0.412030385
2013-08-06,0.417672364
2013-08-07,0.423314343
2013-08-08,0.428956321
2013-08-09,0.4345983
2013-08-10,0.440240279
2013-08-11,0.445882257
2013-08-12,0.451524236
2013-08-13,0.457166215
2013-08-14,0.441058604
2013-08-15,0.441945613
2013-08-16,0.442832622
2013-08-17,0.443719631
2013-08-18,0.444606641
2013-08-19,0.44549365
2013-08-20,0.446380659
2013-08-21,0.447267668
2013-08-22,0.467833092
2013-08-23,0.488398516
2013-08-24,0.50896394
2013-08-25,0.529529364
2013-08-26,0.550094788
2013-08-27,0.570660212
2013-08-28,0.591225636
2013-08-29,0.61179106
2013-08-30,0.632356484
2013-08-31,0.652921908
2013-09-01,0.673487332
2013-09-02,0.694052755
2013-09-03,0.714618179
2013-09-04,0.735183603
2013-09-05,0.755749027
2013-09-06,0.75035082
2013-09-07,0.744952613
2013-09-08,0.739554405
2013-09-09,0.734156198
2013-09-10,0.728757991
2013-09-11,0.723359783
2013-09-12,0.717961576
2013-09-13,0.712563369
2013-09-14,0.707165161
2013-09-15,0.701766954
2013-09-16,0.696368747
2013-09-17,0.690970539
2013-09-18,0.685572332
2013-09-19,0.680174125
2013-09-20,0.661280399
2013-09-21,0.642386673
2013-09-22,0.623492948
2013-09-23,0.604599222
2013-09-24,0.585705496
2013-09-25,0.56681177
2013-09-26,0.54779513
2013-09-27,0.52877849
2013-09-28,0.50976185
2013-09-29,0.490745209
2013-09-30,0.471728569
2013-10-01,0.452711929
2013-10-02,0.433695289
2013-10-03,0.414678648
2013-10-04,0.413557401
2013-10-05,0.412436153
2013-10-06,0.411314905
2013-10-07,0.410193657
2013-10-08,0.409072409
2013-10-09,0.407951161
2013-10-10,0.406829913
2013-10-11,0.405708666
2013-10-12,0.404587418
2013-10-13,0.40346617
2013-10-14,0.402344922
2013-10-15,0.401223674
2013-10-16,0.400102426
2013-10-17,0.40725352
2013-10-18,0.414404614
2013-10-19,0.421555708
2013-10-20,0.428706802
2013-10-21,0.435857896
2013-10-22,0.44300899
2013-10-23,0.450160084
2013-10-24,0.457311178
2013-10-25,0.464462272
2013-10-26,0.471613366
2013-10-27,0.47876446
2013-10-28,0.485915554
2013-10-29,0.493066648
2013-10-30,0.500217742
2013-10-31,0.4981671
2013-11-01,0.496116458
2013-11-02,0.494065817
2013-11-03,0.492015175
2013-11-04,0.489964533
2013-11-05,0.487913892
2013-11-06,0.48586325
2013-11-07,0.483812608
2013-11-08,0.481761966
2013-11-09,0.479711325
2013-11-10,0.477660683
2013-11-11,0.475610041
2013-11-12,0.473559399
2013-11-13,0.471508758
2013-11-14,0.469458116
2013-11-15,0.467407474
2013-11-16,0.465356833
2013-11-17,0.463306191
2013-11-18,0.461255549
2013-11-19,0.459204907
2013-11-20,0.457154266
2013-11-21,0.455103624
2013-11-22,0.453052982
2013-11-23,0.451002341
2013-11-24,0.448951699
2013-11-25,0.446901057
2013-11-26,0.444850415
2013-11-27,0.442799774
2013-11-28,0.440749132
2013-11-29,0.43869849
2013-11-30,0.436647848
2013-12-01,0.434597207
2013-12-02,0.432546565
2013-12-03,0.430495923
2013-12-04,0.428445282
2013-12-05,0.42639464
2013-12-06,0.424343998
2013-12-07,0.422293356
2013-12-08,0.420242715
2013-12-09,0.418192073
2013-12-10,0.416141431
2013-12-11,0.41409079
2013-12-12,0.412040148
2013-12-13,0.409989506
2013-12-14,0.407938864
2013-12-15,0.405888223
2013-12-16,0.403837581
2013-12-17,0.401786939
2013-12-18,0.399736297
2013-12-19,0.397685656
2013-12-20,0.395635014
2013-12-21,0.393584372
2013-12-22,0.391533731
2013-12-23,0.389483089
2013-12-24,0.387432447
2013-12-25,0.385381805
2013-12-26,0.383331164
2013-12-27,0.381280522
2013-12-28,0.37922988
2013-12-29,0.377179239
2013-12-30,0.375128597
2013-12-31,0.373077955
2014-01-01,0.371027313
2014-01-02,0.368976672
2014-01-03,0.36692603
2014-01-04,0.364875388
2014-01-05,0.362824746
2014-01-06,0.360774105
2014-01-07,0.358723463
2014-01-08,0.356672821
2014-01-09,0.35462218
2014-01-10,0.352571538
2014-01-11,0.350520896
2014-01-12,0.348470254
2014-01-13,0.346419613
2014-01-14,0.344368971
2014-01-15,0.342318329
2014-01-16,0.340267688
2014-01-17,0.338217046
2014-01-18,0.336166404
2014-01-19,0.334115762
2014-01-20,0.332065121
2014-01-21,0.330014479
2014-01-22,0.327963837
2014-01-23,0.325913195
2014-01-24,0.323862554
2014-01-25,0.321811912
2014-01-26,0.31976127
2014-01-27,0.317710629
2014-01-28,0.315659987
2014-01-29,0.313609345
2014-01-30,0.311558703
2014-01-31,0.309508062
2014-02-01,0.30745742
2014-02-02,0.305406778
2014-02-03,0.303356137
2014-02-04,0.301305495
2014-02-05,0.299254853
2014-02-06,0.297204211
2014-02-07,0.29515357
2014-02-08,0.293102928
2014-02-09,0.291052286
2014-02-10,0.289001644
2014-02-11,0.286951003
2014-02-12,0.284900361
2014-02-13,0.282849719
2014-02-14,0.280799078
2014-02-15,0.278748436
2014-02-16,0.276697794
2014-02-17,0.274647152
2014-02-18,0.272596511
2014-02-19,0.270545869
2014-02-20,0.268495227
2014-02-21,0.266444586
2014-02-22,0.264393944
2014-02-23,0.262343302
2014-02-24,0.26029266
2014-02-25,0.258242019
2014-02-26,0.256191377
2014-02-27,0.254140735
2014-02-28,0.252090093
2014-03-01,0.250039452
2014-03-02,0.24798881
2014-03-03,0.245938168
2014-03-04,0.243887527
2014-03-05,0.241836885
2014-03-06,0.239786243
2014-03-07,0.237735601
2014-03-08,0.23568496
2014-03-09,0.233634318
2014-03-10,0.231583676
2014-03-11,0.229533035
2014-03-12,0.227482393
2014-03-13,0.225431751
2014-03-14,0.223381109
2014-03-15,0.221330468
2014-03-16,0.219279826
2014-03-17,0.217229184
2014-03-18,0.215178542
2014-03-19,0.216475002
2014-03-20,0.217771461
2014-03-21,0.21906792
2014-03-22,0.220364379
2014-03-23,0.221660838
2014-03-24,0.222957297
2014-03-25,0.224253756
2014-03-26,0.225550216
2014-03-27,0.226846675
2014-03-28,0.228143134
2014-03-29,0.229439593
2014-03-30,0.230736052
2014-03-31,0.232032511
2014-04-01,0.23332897
2014-04-02,0.23462543
2014-04-03,0.235921889
2014-04-04,0.237218348
2014-04-05,0.238514807
2014-04-06,0.239811266
2014-04-07,0.241107725
2014-04-08,0.242404184
2014-04-09,0.243700644
2014-04-10,0.244997103
2014-04-11,0.246293562
2014-04-12,0.247590021
2014-04-13,0.24888648
2014-04-14,0.250182939
2014-04-15,0.251479398
2014-04-16,0.252775857
2014-04-17,0.254072317
2014-04-18,0.255368776
2014-04-19,0.256665235
2014-04-20,0.257961694
2014-04-21,0.259258153
2014-04-22,0.260554612
2014-04-23,0.261851071
2014-04-24,0.264635407
2014-04-25,0.267419742
2014-04-26,0.270204078
2014-04-27,0.272988413
2014-04-28,0.275772749
2014-04-29,0.278557084
2014-04-30,0.28134142
2014-05-01,0.284125755
2014-05-02,0.286910091
2014-05-03,0.289694426
2014-05-04,0.292478762
2014-05-05,0.295263097
2014-05-06,0.298047433
2014-05-07,0.300831768
2014-05-08,0.303616104
2014-05-09,0.310366868
2014-05-10,0.317117633
2014-05-11,0.323868397
2014-05-12,0.330619162
2014-05-13,0.337369926
2014-05-14,0.344120691
2014-05-15,0.350871455
2014-05-16,0.35762222
2014-05-17,0.364372985
2014-05-18,0.371123749
2014-05-19,0.377874514
2014-05-20,0.467091655
2014-05-21,0.556308797
2014-05-22,0.645525938
2014-05-23,0.73474308
2014-05-24,0.823960222
2014-05-25,0.913177363
2014-05-26,1.002394505
2014-05-27,1.091611646
2014-05-28,1.180828788
2014-05-29,1.270045929
2014-05-30,1.359263071
2014-05-31,1.448480213
2014-06-01,1.537697354
2014-06-02,1.626914496
2014-06-03,1.716131637
2014-06-04,1.667326306
2014-06-05,1.618520975
2014-06-06,1.569715645
2014-06-07,1.520910314
2014-06-08,1.472104983
2014-06-09,1.423299652
2014-06-10,1.374494321
2014-06-11,1.32568899
2014-06-12,1.276883659
2014-06-13,1.228078328
2014-06-14,1.179272997
2014-06-15,1.130467666
2014-06-16,1.081662335
2014-06-17,1.032857004
2014-06-18,0.978300967
2014-06-19,0.923744931
2014-06-20,0.869188894
2014-06-21,0.814632858
2014-06-22,0.760076821
2014-06-23,0.705520784
2014-06-24,0.650964748
2014-06-25,0.596408711
2014-06-26,0.541852674
2014-06-27,0.487296638
2014-06-28,0.432740601
2014-06-29,0.378184565
2014-06-30,0.323628528
2014-07-01,0.269072491
2014-07-02,0.214516455
2014-07-03,0.220595868
2014-07-04,0.226675282
2014-07-05,0.232754696
2014-07-06,0.238834109
2014-07-07,0.244913523
2014-07-08,0.250992937
2014-07-09,0.257072351
2014-07-10,0.263151764
2014-07-11,0.269231178
2014-07-12,0.275310592
2014-07-13,0.281390005
2014-07-14,0.287469419
2014-07-15,0.293548833
2014-07-16,0.299190811
2014-07-17,0.30483279
2014-07-18,0.310474769
2014-07-19,0.316116747
2014-07-20,0.321758726
2014-07-21,0.327400705
2014-07-22,0.333042684
2014-07-23,0.338684662
2014-07-24,0.344326641
2014-07-25,0.34996862
2014-07-26,0.355610598
2014-07-27,0.361252577
2014-07-28,0.366894556
2014-07-29,0.372536534
2014-07-30,0.378178513
2014-07-31,0.383820492
2014-08-01,0.389462471
2014-08-02,0.395104449
2014-08-03,0.400746428
2014-08-04,0.406388407
2014-08-05,0.412030385
2014-08-06,0.417672364
2014-08-07,0.423314343
2014-08-08,0.428956321
2014-08-09,0.4345983
2014-08-10,0.440240279
2014-08-11,0.445882257
2014-08-12,0.451524236
2014-08-13,0.457166215
2014-08-14,0.441058604
2014-08-15,0.441945613
2014-08-16,0.442832622
2014-08-17,0.443719631
2014-08-18,0.444606641
2014-08-19,0.44549365
2014-08-20,0.446380659
2014-08-21,0.447267668
2014-08-22,0.467833092
2014-08-23,0.488398516
2014-08-24,0.50896394
2014-08-25,0.529529364
2014-08-26,0.550094788
2014-08-27,0.570660212
2014-08-28,0.591225636
2014-08-29,0.61179106
2014-08-30,0.632356484
2014-08-31,0.652921908
2014-09-01,0.673487332
2014-09-02,0.694052755
2014-09-03,0.714618179
2014-09-04,0.735183603
2014-09-05,0.755749027
2014-09-06,0.75035082
2014-09-07,0.744952613
2014-09-08,0.739554405
2014-09-09,0.734156198
2014-09-10,0.728757991
2014-09-11,0.723359783
2014-09-12,0.717961576
2014-09-13,0.712563369
2014-09-14,0.707165161
2014-09-15,0.701766954
2014-09-16,0.696368747
2014-09-17,0.690970539
2014-09-18,0.685572332
2014-09-19,0.680174125
2014-09-20,0.661280399
2014-09-21,0.642386673
2014-09-22,0.623492948
2014-09-23,0.604599222
2014-09-24,0.585705496
2014-09-25,0.56681177
2014-09-26,0.54779513
2014-09-27,0.52877849
2014-09-28,0.50976185
2014-09-29,0.490745209
2014-09-30,0.471728569
2014-10-01,0.452711929
2014-10-02,0.433695289
2014-10-03,0.414678648
2014-10-04,0.413557401
2014-10-05,0.412436153
2014-10-06,0.411314905
2014-10-07,0.410193657
2014-10-08,0.409072409
2014-10-09,0.407951161
2014-10-10,0.406829913
2014-10-11,0.405708666
2014-10-12,0.404587418
2014-10-13,0.40346617
2014-10-14,0.402344922
2014-10-15,0.401223674
2014-10-16,0.400102426
2014-10-17,0.40725352
2014-10-18,0.414404614
2014-10-19,0.421555708
2014-10-20,0.428706802
2014-10-21,0.435857896
2014-10-22,0.44300899
2014-10-23,0.450160084
2014-10-24,0.457311178
2014-10-25,0.464462272
2014-10-26,0.471613366
2014-10-27,0.47876446
2014-10-28,0.485915554
2014-10-29,0.493066648
2014-10-30,0.500217742
2014-10-31,0.4981671
2014-11-01,0.496116458
2014-11-02,0.494065817
2014-11-03,0.492015175
2014-11-04,0.489964533
2014-11-05,0.487913892
2014-11-06,0.48586325
2014-11-07,0.483812608
2014-11-08,0.481761966
2014-11-09,0.479711325
2014-11-10,0.477660683
2014-11-11,0.475610041
2014-11-12,0.473559399
2014-11-13,0.471508758
2014-11-14,0.469458116
2014-11-15,0.467407474
2014-11-16,0.465356833
2014-11-17,0.463306191
2014-11-18,0.461255549
2014-11-19,0.459204907
2014-11-20,0.457154266
2014-11-21,0.455103624
2014-11-22,0.453052982
2014-11-23,0.451002341
2014-11-24,0.448951699
2014-11-25,0.446901057
2014-11-26,0.444850415
2014-11-27,0.442799774
2014-11-28,0.440749132
2014-11-29,0.43869849
2014-11-30,0.436647848
2014-12-01,0.434597207
2014-12-02,0.432546565
2014-12-03,0.430495923
2014-12-04,0.428445282
2014-12-05,0.42639464
2014-12-06,0.424343998
2014-12-07,0.422293356
2014-12-08,0.420242715
2014-12-09,0.418192073
2014-12-10,0.416141431
2014-12-11,0.41409079
2014-12-12,0.412040148
2014-12-13,0.409989506
2014-12-14,0.407938864
2014-12-15,0.405888223
2014-12-16,0.403837581
2014-12-17,0.401786939
2014-12-18,0.399736297
2014-12-19,0.397685656
2014-12-20,0.395635014
2014-12-21,0.393584372
2014-12-22,0.391533731
2014-12-23,0.389483089
2014-12-24,0.387432447
2014-12-25,0.385381805
2014-12-26,0.383331164
2014-12-27,0.381280522
2014-12-28,0.37922988
2014-12-29,0.377179239
2014-12-30,0.375128597
2014-12-31,0.373077955
2015-01-01,0.371027313
2015-01-02,0.368976672
2015-01-03,0.36692603
2015-01-04,0.364875388
2015-01-05,0.362824746
2015-01-06,0.360774105
2015-01-07,0.358723463
2015-01-08,0.356672821
2015-01-09,0.35462218
2015-01-10,0.352571538
2015-01-11,0.350520896
2015-01-12,0.348470254
2015-01-13,0.346419613
2015-01-14,0.344368971
2015-01-15,0.342318329
2015-01-16,0.340267688
2015-01-17,0.338217046
2015-01-18,0.336166404
2015-01-19,0.334115762
2015-01-20,0.332065121
2015-01-21,0.330014479
2015-01-22,0.327963837
2015-01-23,0.325913195
2015-01-24,0.323862554
2015-01-25,0.321811912
2015-01-26,0.31976127
2015-01-27,0.317710629
2015-01-28,0.315659987
2015-01-29,0.313609345
2015-01-30,0.311558703
2015-01-31,0.309508062
2015-02-01,0.30745742
2015-02-02,0.305406778
2015-02-03,0.303356137
2015-02-04,0.301305495
2015-02-05,0.299254853
2015-02-06,0.297204211
2015-02-07,0.29515357
2015-02-08,0.293102928
2015-02-09,0.291052286
2015-02-10,0.289001644
2015-02-11,0.286951003
2015-02-12,0.284900361
2015-02-13,0.282849719
2015-02-14,0.280799078
2015-02-15,0.278748436
2015-02-16,0.276697794
2015-02-17,0.274647152
2015-02-18,0.272596511
2015-02-19,0.270545869
2015-02-20,0.268495227
2015-02-21,0.266444586
2015-02-22,0.264393944
2015-02-23,0.262343302
2015-02-24,0.26029266
2015-02-25,0.258242019
2015-02-26,0.256191377
2015-02-27,0.254140735
2015-02-28,0.252090093
2015-03-01,0.250039452
2015-03-02,0.24798881
2015-03-03,0.245938168
2015-03-04,0.243887527
2015-03-05,0.241836885
2015-03-06,0.239786243
2015-03-07,0.237735601
2015-03-08,0.23568496
2015-03-09,0.233634318
2015-03-10,0.231583676
2015-03-11,0.229533035
2015-03-12,0.227482393
2015-03-13,0.225431751
2015-03-14,0.223381109
2015-03-15,0.221330468
2015-03-16,0.219279826
2015-03-17,0.217229184
2015-03-18,0.215178542
2015-03-19,0.216475002
2015-03-20,0.217771461
2015-03-21,0.21906792
2015-03-22,0.220364379
2015-03-23,0.221660838
2015-03-24,0.222957297
2015-03-25,0.224253756
2015-03-26,0.225550216
2015-03-27,0.226846675
2015-03-28,0.228143134
2015-03-29,0.229439593
2015-03-30,0.230736052
2015-03-31,0.232032511
2015-04-01,0.23332897
2015-04-02,0.23462543
2015-04-03,0.235921889
2015-04-04,0.237218348
2015-04-05,0.238514807
2015-04-06,0.239811266
2015-04-07,0.241107725
2015-04-08,0.242404184
2015-04-09,0.243700644
2015-04-10,0.244997103
2015-04-11,0.246293562
2015-04-12,0.247590021
2015-04-13,0.24888648
2015-04-14,0.250182939
2015-04-15,0.251479398
2015-04-16,0.252775857
2015-04-17,0.254072317
2015-04-18,0.255368776
2015-04-19,0.256665235
2015-04-20,0.257961694
2015-04-21,0.259258153
2015-04-22,0.260554612
2015-04-23,0.261851071
2015-04-24,0.264635407
2015-04-25,0.267419742
2015-04-26,0.270204078
2015-04-27,0.272988413
2015-04-28,0.275772749
2015-04-29,0.278557084
2015-04-30,0.28134142
2015-05-01,0.284125755
2015-05-02,0.286910091
2015-05-03,0.289694426
2015-05-04,0.292478762
2015-05-05,0.295263097
2015-05-06,0.298047433
2015-05-07,0.300831768
2015-05-08,0.303616104
2015-05-09,0.310366868
2015-05-10,0.317117633
2015-05-11,0.323868397
2015-05-12,0.330619162
2015-05-13,0.337369926
2015-05-14,0.344120691
2015-05-15,0.350871455
2015-05-16,0.35762222
2015-05-17,0.364372985
2015-05-18,0.371123749
2015-05-19,0.377874514
2015-05-20,0.467091655
2015-05-21,0.556308797
2015-05-22,0.645525938
2015-05-23,0.73474308
2015-05-24,0.823960222
2015-05-25,0.913177363
2015-05-26,1.002394505
2015-05-27,1.091611646
2015-05-28,1.180828788
2015-05-29,1.270045929
2015-05-30,1.359263071
2015-05-31,1.448480213
2015-06-01,1.537697354
2015-06-02,1.626914496
2015-06-03,1.716131637
2015-06-04,1.667326306
2015-06-05,1.618520975
2015-06-06,1.569715645
2015-06-07,1.520910314
2015-06-08,1.472104983
2015-06-09,1.423299652
2015-06-10,1.374494321
2015-06-11,1.32568899
2015-06-12,1.276883659
2015-06-13,1.228078328
2015-06-14,1.179272997
2015-06-15,1.130467666
2015-06-16,1.081662335
2015-06-17,1.032857004
2015-06-18,0.978300967
2015-06-19,0.923744931
2015-06-20,0.869188894
2015-06-21,0.814632858
2015-06-22,0.760076821
2015-06-23,0.705520784
2015-06-24,0.650964748
2015-06-25,0.596408711
2015-06-26,0.541852674
2015-06-27,0.487296638
2015-06-28,0.432740601
2015-06-29,0.378184565
2015-06-30,0.323628528
2015-07-01,0.269072491
2015-07-02,0.214516455
2015-07-03,0.220595868
2015-07-04,0.226675282
2015-07-05,0.232754696
2015-07-06,0.238834109
2015-07-07,0.244913523
2015-07-08,0.250992937
2015-07-09,0.257072351
2015-07-10,0.263151764
2015-07-11,0.269231178
2015-07-12,0.275310592
2015-07-13,0.281390005
2015-07-14,0.287469419
2015-07-15,0.293548833
2015-07-16,0.299190811
2015-07-17,0.30483279
2015-07-18,0.310474769
2015-07-19,0.316116747
2015-07-20,0.321758726
2015-07-21,0.327400705
2015-07-22,0.333042684
2015-07-23,0.338684662
2015-07-24,0.344326641
2015-07-25,0.34996862
2015-07-26,0.355610598
2015-07-27,0.361252577
2015-07-28,0.366894556
2015-07-29,0.372536534
2015-07-30,0.378178513
2015-07-31,0.383820492
2015-08-01,0.389462471
2015-08-02,0.395104449
2015-08-03,0.400746428
2015-08-04,0.406388407
2015-08-05,0.412030385
2015-08-06,0.417672364
2015-08-07,0.423314343
2015-08-08,0.428956321
2015-08-09,0.4345983
2015-08-10,0.440240279
2015-08-11,0.445882257
2015-08-12,0.451524236
2015-08-13,0.457166215
2015-08-14,0.441058604
2015-08-15,0.441945613
2015-08-16,0.442832622
2015-08-17,0.443719631
2015-08-18,0.444606641
2015-08-19,0.44549365
2015-08-20,0.446380659
2015-08-21,0.447267668
2015-08-22,0.467833092
2015-08-23,0.488398516
2015-08-24,0.50896394
2015-08-25,0.529529364
2015-08-26,0.550094788
2015-08-27,0.570660212
2015-08-28,0.591225636
2015-08-29,0.61179106
2015-08-30,0.632356484
2015-08-31,0.652921908
2015-09-01,0.673487332
2015-09-02,0.694052755
2015-09-03,0.714618179
2015-09-04,0.735183603
2015-09-05,0.755749027
2015-09-06,0.75035082
2015-09-07,0.744952613
2015-09-08,0.739554405
2015-09-09,0.734156198
2015-09-10,0.728757991
2015-09-11,0.723359783
2015-09-12,0.717961576
2015-09-13,0.712563369
2015-09-14,0.707165161
2015-09-15,0.701766954
2015-09-16,0.696368747
2015-09-17,0.690970539
2015-09-18,0.685572332
2015-09-19,0.680174125
2015-09-20,0.661280399
2015-09-21,0.642386673
2015-09-22,0.623492948
2015-09-23,0.604599222
2015-09-24,0.585705496
2015-09-25,0.56681177
2015-09-26,0.54779513
2015-09-27,0.52877849
2015-09-28,0.50976185
2015-09-29,0.490745209
2015-09-30,0.471728569
2015-10-01,0.452711929
2015-10-02,0.433695289
2015-10-03,0.414678648
2015-10-04,0.413557401
2015-10-05,0.412436153
2015-10-06,0.411314905
2015-10-07,0.410193657
2015-10-08,0.409072409
2015-10-09,0.407951161
2015-10-10,0.406829913
2015-10-11,0.405708666
2015-10-12,0.404587418
2015-10-13,0.40346617
2015-10-14,0.402344922
2015-10-15,0.401223674
2015-10-16,0.400102426
2015-10-17,0.40725352
2015-10-18,0.414404614
2015-10-19,0.421555708
2015-10-20,0.428706802
2015-10-21,0.435857896
2015-10-22,0.44300899
2015-10-23,0.450160084
2015-10-24,0.457311178
2015-10-25,0.464462272
2015-10-26,0.471613366
2015-10-27,0.47876446
2015-10-28,0.485915554
2015-10-29,0.493066648
2015-10-30,0.500217742
2015-10-31,0.4981671
2015-11-01,0.496116458
2015-11-02,0.494065817
2015-11-03,0.492015175
2015-11-04,0.489964533
2015-11-05,0.487913892
2015-11-06,0.48586325
2015-11-07,0.483812608
2015-11-08,0.481761966
2015-11-09,0.479711325
2015-11-10,0.477660683
2015-11-11,0.475610041
2015-11-12,0.473559399
2015-11-13,0.471508758
2015-11-14,0.469458116
2015-11-15,0.467407474
2015-11-16,0.465356833
2015-11-17,0.463306191
2015-11-18,0.461255549
2015-11-19,0.459204907
2015-11-20,0.457154266
2015-11-21,0.455103624
2015-11-22,0.453052982
2015-11-23,0.451002341
2015-11-24,0.448951699
2015-11-25,0.446901057
2015-11-26,0.444850415
2015-11-27,0.442799774
2015-11-28,0.440749132
2015-11-29,0.43869849
2015-11-30,0.436647848
2015-12-01,0.434597207
2015-12-02,0.432546565
2015-12-03,0.430495923
2015-12-04,0.428445282
2015-12-05,0.42639464
2015-12-06,0.424343998
2015-12-07,0.422293356
2015-12-08,0.420242715
2015-12-09,0.418192073
2015-12-10,0.416141431
2015-12-11,0.41409079
2015-12-12,0.412040148
2015-12-13,0.409989506
2015-12-14,0.407938864
2015-12-15,0.405888223
2015-12-16,0.403837581
2015-12-17,0.401786939
2015-12-18,0.399736297
2015-12-19,0.397685656
2015-12-20,0.395635014
2015-12-21,0.393584372
2015-12-22,0.391533731
2015-12-23,0.389483089
2015-12-24,0.387432447
2015-12-25,0.385381805
2015-12-26,0.383331164
2015-12-27,0.381280522
2015-12-28,0.37922988
2015-12-29,0.377179239
2015-12-30,0.375128597
2015-12-31,0.373077955
2016-01-01,0.371027313
2016-01-02,0.368976672
2016-01-03,0.36692603
2016-01-04,0.364875388
2016-01-05,0.362824746
2016-01-06,0.360774105
2016-01-07,0.358723463
2016-01-08,0.356672821
2016-01-09,0.35462218
2016-01-10,0.352571538
2016-01-11,0.350520896
2016-01-12,0.348470254
2016-01-13,0.346419613
2016-01-14,0.344368971
2016-01-15,0.342318329
2016-01-16,0.340267688
2016-01-17,0.338217046
2016-01-18,0.336166404
2016-01-19,0.334115762
2016-01-20,0.332065121
2016-01-21,0.330014479
2016-01-22,0.327963837
2016-01-23,0.325913195
2016-01-24,0.323862554
2016-01-25,0.321811912
2016-01-26,0.31976127
2016-01-27,0.317710629
2016-01-28,0.315659987
2016-01-29,0.313609345
2016-01-30,0.311558703
2016-01-31,0.309508062
2016-02-01,0.30745742
2016-02-02,0.305406778
2016-02-03,0.303356137
2016-02-04,0.301305495
2016-02-05,0.299254853
2016-02-06,0.297204211
2016-02-07,0.29515357
2016-02-08,0.293102928
2016-02-09,0.291052286
2016-02-10,0.289001644
2016-02-11,0.286951003
2016-02-12,0.284900361
2016-02-13,0.282849719
2016-02-14,0.280799078
2016-02-15,0.278748436
2016-02-16,0.276697794
2016-02-17,0.274647152
2016-02-18,0.272596511
2016-02-19,0.270545869
2016-02-20,0.268495227
2016-02-21,0.266444586
2016-02-22,0.264393944
2016-02-23,0.262343302
2016-02-24,0.26029266
2016-02-25,0.258242019
2016-02-26,0.256191377
2016-02-27,0.254140735
2016-02-28,0.252090093
2016-02-29,0.250039452
2016-03-01,0.24798881
2016-03-02,0.245938168
2016-03-03,0.243887527
2016-03-04,0.241836885
2016-03-05,0.239786243
2016-03-06,0.237735601
2016-03-07,0.23568496
2016-03-08,0.233634318
2016-03-09,0.231583676
2016-03-10,0.229533035
2016-03-11,0.227482393
2016-03-12,0.225431751
2016-03-13,0.223381109
2016-03-14,0.221330468
2016-03-15,0.219279826
2016-03-16,0.217229184
2016-03-17,0.215178542
2016-03-18,0.216475002
2016-03-19,0.217771461
2016-03-20,0.21906792
2016-03-21,0.220364379
2016-03-22,0.221660838
2016-03-23,0.222957297
2016-03-24,0.224253756
2016-03-25,0.225550216
2016-03-26,0.226846675
2016-03-27,0.228143134
2016-03-28,0.229439593
2016-03-29,0.230736052
2016-03-30,0.232032511
2016-03-31,0.23332897
2016-04-01,0.23462543
2016-04-02,0.235921889
2016-04-03,0.237218348
2016-04-04,0.238514807
2016-04-05,0.239811266
2016-04-06,0.241107725
2016-04-07,0.242404184
2016-04-08,0.243700644
2016-04-09,0.244997103
2016-04-10,0.246293562
2016-04-11,0.247590021
2016-04-12,0.24888648
2016-04-13,0.250182939
2016-04-14,0.251479398
2016-04-15,0.252775857
2016-04-16,0.254072317
2016-04-17,0.255368776
2016-04-18,0.256665235
2016-04-19,0.257961694
2016-04-20,0.259258153
2016-04-21,0.260554612
2016-04-22,0.261851071
2016-04-23,0.264635407
2016-04-24,0.267419742
2016-04-25,0.270204078
2016-04-26,0.272988413
2016-04-27,0.275772749
2016-04-28,0.278557084
2016-04-29,0.28134142
2016-04-30,0.284125755
2016-05-01,0.286910091
2016-05-02,0.289694426
2016-05-03,0.292478762
2016-05-04,0.295263097
2016-05-05,0.298047433
2016-05-06,0.300831768
2016-05-07,0.303616104
2016-05-08,0.310366868
2016-05-09,0.317117633
2016-05-10,0.323868397
2016-05-11,0.330619162
2016-05-12,0.337369926
2016-05-13,0.344120691
2016-05-14,0.350871455
2016-05-15,0.35762222
2016-05-16,0.364372985
2016-05-17,0.371123749
2016-05-18,0.377874514
2016-05-19,0.467091655
2016-05-20,0.556308797
2016-05-21,0.645525938
2016-05-22,0.73474308
2016-05-23,0.823960222
2016-05-24,0.913177363
2016-05-25,1.002394505
2016-05-26,1.091611646
2016-05-27,1.180828788
2016-05-28,1.270045929
2016-05-29,1.359263071
2016-05-30,1.448480213
2016-05-31,1.537697354
2016-06-01,1.626914496
2016-06-02,1.716131637
2016-06-03,1.667326306
2016-06-04,1.618520975
2016-06-05,1.569715645
2016-06-06,1.520910314
2016-06-07,1.472104983
2016-06-08,1.423299652
2016-06-09,1.374494321
2016-06-10,1.32568899
2016-06-11,1.276883659
2016-06-12,1.228078328
2016-06-13,1.179272997
2016-06-14,1.130467666
2016-06-15,1.081662335
2016-06-16,1.032857004
2016-06-17,0.978300967
2016-06-18,0.923744931
2016-06-19,0.869188894
2016-06-20,0.814632858
2016-06-21,0.760076821
2016-06-22,0.705520784
2016-06-23,0.650964748
2016-06-24,0.596408711
2016-06-25,0.541852674
2016-06-26,0.487296638
2016-06-27,0.432740601
2016-06-28,0.378184565
2016-06-29,0.323628528
2016-06-30,0.269072491
2016-07-01,0.214516455
2016-07-02,0.220595868
2016-07-03,0.226675282
2016-07-04,0.232754696
2016-07-05,0.238834109
2016-07-06,0.244913523
2016-07-07,0.250992937
2016-07-08,0.257072351
2016-07-09,0.263151764
2016-07-10,0.269231178
2016-07-11,0.275310592
2016-07-12,0.281390005
2016-07-13,0.287469419
2016-07-14,0.293548833
2016-07-15,0.299190811
2016-07-16,0.30483279
2016-07-17,0.310474769
2016-07-18,0.316116747
2016-07-19,0.321758726
2016-07-20,0.327400705
2016-07-21,0.333042684
2016-07-22,0.338684662
2016-07-23,0.344326641
2016-07-24,0.34996862
2016-07-25,0.355610598
2016-07-26,0.361252577
2016-07-27,0.366894556
2016-07-28,0.372536534
2016-07-29,0.378178513
2016-07-30,0.383820492
2016-07-31,0.389462471
2016-08-01,0.395104449
2016-08-02,0.400746428
2016-08-03,0.406388407
2016-08-04,0.412030385
2016-08-05,0.417672364
2016-08-06,0.423314343
2016-08-07,0.428956321
2016-08-08,0.4345983
2016-08-09,0.440240279
2016-08-10,0.445882257
2016-08-11,0.451524236
2016-08-12,0.457166215
2016-08-13,0.441058604
2016-08-14,0.441945613
2016-08-15,0.442832622
2016-08-16,0.443719631
2016-08-17,0.444606641
2016-08-18,0.44549365
2016-08-19,0.446380659
2016-08-20,0.447267668
2016-08-21,0.467833092
2016-08-22,0.488398516
2016-08-23,0.50896394
2016-08-24,0.529529364
2016-08-25,0.550094788
2016-08-26,0.570660212
2016-08-27,0.591225636
2016-08-28,0.61179106
2016-08-29,0.632356484
2016-08-30,0.652921908
2016-08-31,0.673487332
2016-09-01,0.694052755
2016-09-02,0.714618179
2016-09-03,0.735183603
2016-09-04,0.755749027
2016-09-05,0.75035082
2016-09-06,0.744952613
2016-09-07,0.739554405
2016-09-08,0.734156198
2016-09-09,0.728757991
2016-09-10,0.723359783
2016-09-11,0.717961576
2016-09-12,0.712563369
2016-09-13,0.707165161
2016-09-14,0.701766954
2016-09-15,0.696368747
2016-09-16,0.690970539
2016-09-17,0.685572332
2016-09-18,0.680174125
2016-09-19,0.661280399
2016-09-20,0.642386673
2016-09-21,0.623492948
2016-09-22,0.604599222
2016-09-23,0.585705496
2016-09-24,0.56681177
2016-09-25,0.54779513
2016-09-26,0.52877849
2016-09-27,0.50976185
2016-09-28,0.490745209
2016-09-29,0.471728569
2016-09-30,0.452711929
2016-10-01,0.433695289
2016-10-02,0.414678648
2016-10-03,0.413557401
2016-10-04,0.412436153
2016-10-05,0.411314905
2016-10-06,0.410193657
2016-10-07,0.409072409
2016-10-08,0.407951161
2016-10-09,0.406829913
2016-10-10,0.405708666
2016-10-11,0.404587418
2016-10-12,0.40346617
2016-10-13,0.402344922
2016-10-14,0.401223674
2016-10-15,0.400102426
2016-10-16,0.40725352
2016-10-17,0.414404614
2016-10-18,0.421555708
2016-10-19,0.428706802
2016-10-20,0.435857896
2016-10-21,0.44300899
2016-10-22,0.450160084
2016-10-23,0.457311178
2016-10-24,0.464462272
2016-10-25,0.471613366
2016-10-26,0.47876446
2016-10-27,0.485915554
2016-10-28,0.493066648
2016-10-29,0.500217742
2016-10-30,0.4981671
2016-10-31,0.496116458
2016-11-01,0.494065817
2016-11-02,0.492015175
2016-11-03,0.489964533
2016-11-04,0.487913892
2016-11-05,0.48586325
2016-11-06,0.483812608
2016-11-07,0.481761966
2016-11-08,0.479711325
2016-11-09,0.477660683
2016-11-10,0.475610041
2016-11-11,0.473559399
2016-11-12,0.471508758
2016-11-13,0.469458116
2016-11-14,0.467407474
2016-11-15,0.465356833
2016-11-16,0.463306191
2016-11-17,0.461255549
2016-11-18,0.459204907
2016-11-19,0.457154266
2016-11-20,0.455103624
2016-11-21,0.453052982
2016-11-22,0.451002341
2016-11-23,0.448951699
2016-11-24,0.446901057
2016-11-25,0.444850415
2016-11-26,0.442799774
2016-11-27,0.440749132
2016-11-28,0.43869849
2016-11-29,0.436647848
2016-11-30,0.434597207
2016-12-01,0.432546565
2016-12-02,0.430495923
2016-12-03,0.428445282
2016-12-04,0.42639464
2016-12-05,0.424343998
2016-12-06,0.422293356
2016-12-07,0.420242715
2016-12-08,0.418192073
2016-12-09,0.416141431
2016-12-10,0.41409079
2016-12-11,0.412040148
2016-12-12,0.409989506
2016-12-13,0.407938864
2016-12-14,0.405888223
2016-12-15,0.403837581
2016-12-16,0.401786939
2016-12-17,0.399736297
2016-12-18,0.397685656
2016-12-19,0.395635014
2016-12-20,0.393584372
2016-12-21,0.391533731
2016-12-22,0.389483089
2016-12-23,0.387432447
2016-12-24,0.385381805
2016-12-25,0.383331164
2016-12-26,0.381280522
2016-12-27,0.37922988
2016-12-28,0.377179239
2016-12-29,0.375128597
2016-12-30,0.373077955
2016-12-31,0.371027313
2017-01-01,0.368976672
2017-01-02,0.36692603
2017-01-03,0.364875388
2017-01-04,0.362824746
2017-01-05,0.360774105
2017-01-06,0.358723463
2017-01-07,0.356672821
2017-01-08,0.35462218
2017-01-09,0.352571538
2017-01-10,0.350520896
2017-01-11,0.348470254
2017-01-12,0.346419613
2017-01-13,0.344368971
2017-01-14,0.342318329
2017-01-15,0.340267688
2017-01-16,0.338217046
2017-01-17,0.336166404
2017-01-18,0.334115762
2017-01-19,0.332065121
2017-01-20,0.330014479
2017-01-21,0.327963837
2017-01-22,0.325913195
2017-01-23,0.323862554
2017-01-24,0.321811912
2017-01-25,0.31976127
2017-01-26,0.317710629
2017-01-27,0.315659987
2017-01-28,0.313609345
2017-01-29,0.311558703
2017-01-30,0.309508062
2017-01-31,0.30745742
2017-02-01,0.305406778
2017-02-02,0.303356137
2017-02-03,0.301305495
2017-02-04,0.299254853
2017-02-05,0.297204211
2017-02-06,0.29515357
2017-02-07,0.293102928
2017-02-08,0.291052286
2017-02-09,0.289001644
2017-02-10,0.286951003
2017-02-11,0.284900361
2017-02-12,0.282849719
2017-02-13,0.280799078
2017-02-14,0.278748436
2017-02-15,0.276697794
2017-02-16,0.274647152
2017-02-17,0.272596511
2017-02-18,0.270545869
2017-02-19,0.268495227
2017-02-20,0.266444586
2017-02-21,0.264393944
2017-02-22,0.262343302
2017-02-23,0.26029266
2017-02-24,0.258242019
2017-02-25,0.256191377
2017-02-26,0.254140735
2017-02-27,0.252090093
2017-02-28,0.250039452
2017-03-01,0.24798881
2017-03-02,0.245938168
2017-03-03,0.243887527
2017-03-04,0.241836885
2017-03-05,0.239786243
2017-03-06,0.237735601
2017-03-07,0.23568496
2017-03-08,0.233634318
2017-03-09,0.231583676
2017-03-10,0.229533035
2017-03-11,0.227482393
2017-03-12,0.225431751
2017-03-13,0.223381109
2017-03-14,0.221330468
2017-03-15,0.219279826
2017-03-16,0.217229184
2017-03-17,0.215178542
2017-03-18,0.216475002
2017-03-19,0.217771461
2017-03-20,0.21906792
2017-03-21,0.220364379
2017-03-22,0.221660838
2017-03-23,0.222957297
2017-03-24,0.224253756
2017-03-25,0.225550216
2017-03-26,0.226846675
2017-03-27,0.228143134
2017-03-28,0.229439593
2017-03-29,0.230736052
2017-03-30,0.232032511
2017-03-31,0.23332897
2017-04-01,0.23462543
2017-04-02,0.235921889
2017-04-03,0.237218348
2017-04-04,0.238514807
2017-04-05,0.239811266
2017-04-06,0.241107725
2017-04-07,0.242404184
2017-04-08,0.243700644
2017-04-09,0.244997103
2017-04-10,0.246293562
2017-04-11,0.247590021
2017-04-12,0.24888648
2017-04-13,0.250182939
2017-04-14,0.251479398
2017-04-15,0.252775857
2017-04-16,0.254072317
2017-04-17,0.255368776
2017-04-18,0.256665235
2017-04-19,0.257961694
2017-04-20,0.259258153
2017-04-21,0.260554612
2017-04-22,0.261851071
2017-04-23,0.264635407
2017-04-24,0.267419742
2017-04-25,0.270204078
2017-04-26,0.272988413
2017-04-27,0.275772749
2017-04-28,0.278557084
2017-04-29,0.28134142
2017-04-30,0.284125755
2017-05-01,0.286910091
2017-05-02,0.289694426
2017-05-03,0.292478762
2017-05-04,0.295263097
2017-05-05,0.298047433
2017-05-06,0.300831768
2017-05-07,0.303616104
2017-05-08,0.310366868
2017-05-09,0.317117633
2017-05-10,0.323868397
2017-05-11,0.330619162
2017-05-12,0.337369926
2017-05-13,0.344120691
2017-05-14,0.350871455
2017-05-15,0.35762222
2017-05-16,0.364372985
2017-05-17,0.371123749
2017-05-18,0.377874514
2017-05-19,0.467091655
2017-05-20,0.556308797
2017-05-21,0.645525938
2017-05-22,0.73474308
2017-05-23,0.823960222
2017-05-24,0.913177363
2017-05-25,1.002394505
2017-05-26,1.091611646
2017-05-27,1.180828788
2017-05-28,1.270045929
2017-05-29,1.359263071
2017-05-30,1.448480213
2017-05-31,1.537697354
2017-06-01,1.626914496
2017-06-02,1.716131637
2017-06-03,1.667326306
2017-06-04,1.618520975
2017-06-05,1.569715645
2017-06-06,1.520910314
2017-06-07,1.472104983
2017-06-08,1.423299652
2017-06-09,1.374494321
2017-06-10,1.32568899
2017-06-11,1.276883659
2017-06-12,1.228078328
2017-06-13,1.179272997
2017-06-14,1.130467666
2017-06-15,1.081662335
2017-06-16,1.032857004
2017-06-17,0.978300967
2017-06-18,0.923744931
2017-06-19,0.869188894
2017-06-20,0.814632858
2017-06-21,0.760076821
2017-06-22,0.705520784
2017-06-23,0.650964748
2017-06-24,0.596408711
2017-06-25,0.541852674
2017-06-26,0.487296638
2017-06-27,0.432740601
2017-06-28,0.378184565
2017-06-29,0.323628528
2017-06-30,0.269072491
2017-07-01,0.214516455
2017-07-02,0.220595868
2017-07-03,0.226675282
2017-07-04,0.232754696
2017-07-05,0.238834109
2017-07-06,0.244913523
2017-07-07,0.250992937
2017-07-08,0.257072351
2017-07-09,0.263151764
2017-07-10,0.269231178
2017-07-11,0.275310592
2017-07-12,0.281390005
2017-07-13,0.287469419
2017-07-14,0.293548833
2017-07-15,0.299190811
2017-07-16,0.30483279
2017-07-17,0.310474769
2017-07-18,0.316116747
2017-07-19,0.321758726
2017-07-20,0.327400705
2017-07-21,0.333042684
2017-07-22,0.338684662
2017-07-23,0.344326641
2017-07-24,0.34996862
2017-07-25,0.355610598
2017-07-26,0.361252577
2017-07-27,0.366894556
2017-07-28,0.372536534
2017-07-29,0.378178513
2017-07-30,0.383820492
2017-07-31,0.389462471
2017-08-01,0.395104449
2017-08-02,0.400746428
2017-08-03,0.406388407
2017-08-04,0.412030385
2017-08-05,0.417672364
2017-08-06,0.423314343
2017-08-07,0.428956321
2017-08-08,0.4345983
2017-08-09,0.440240279
2017-08-10,0.445882257
2017-08-11,0.451524236
2017-08-12,0.457166215
2017-08-13,0.441058604
2017-08-14,0.441945613
2017-08-15,0.442832622
2017-08-16,0.443719631
2017-08-17,0.444606641
2017-08-18,0.44549365
2017-08-19,0.446380659
2017-08-20,0.447267668
2017-08-21,0.467833092
2017-08-22,0.488398516
2017-08-23,0.50896394
2017-08-24,0.529529364
2017-08-25,0.550094788
2017-08-26,0.570660212
2017-08-27,0.591225636
2017-08-28,0.61179106
2017-08-29,0.632356484
2017-08-30,0.652921908
2017-08-31,0.673487332
2017-09-01,0.694052755
2017-09-02,0.714618179
2017-09-03,0.735183603
2017-09-04,0.755749027
2017-09-05,0.75035082
2017-09-06,0.744952613
2017-09-07,0.739554405
2017-09-08,0.734156198
2017-09-09,0.728757991
2017-09-10,0.723359783
2017-09-11,0.717961576
2017-09-12,0.712563369
2017-09-13,0.707165161
2017-09-14,0.701766954
2017-09-15,0.696368747
2017-09-16,0.690970539
2017-09-17,0.685572332
2017-09-18,0.680174125
2017-09-19,0.661280399
2017-09-20,0.642386673
2017-09-21,0.623492948
2017-09-22,0.604599222
2017-09-23,0.585705496
2017-09-24,0.56681177
2017-09-25,0.54779513
2017-09-26,0.52877849
2017-09-27,0.50976185
2017-09-28,0.490745209
2017-09-29,0.471728569
2017-09-30,0.452711929
2017-10-01,0.433695289
2017-10-02,0.414678648
2017-10-03,0.413557401
2017-10-04,0.412436153
2017-10-05,0.411314905
2017-10-06,0.410193657
2017-10-07,0.409072409
2017-10-08,0.407951161
2017-10-09,0.406829913
2017-10-10,0.405708666
2017-10-11,0.404587418
2017-10-12,0.40346617
2017-10-13,0.402344922
2017-10-14,0.401223674
2017-10-15,0.400102426
2017-10-16,0.40725352
2017-10-17,0.414404614
2017-10-18,0.421555708
2017-10-19,0.428706802
2017-10-20,0.435857896
2017-10-21,0.44300899
2017-10-22,0.450160084
2017-10-23,0.457311178
2017-10-24,0.464462272
2017-10-25,0.471613366
2017-10-26,0.47876446
2017-10-27,0.485915554
2017-10-28,0.493066648
2017-10-29,0.500217742
2017-10-30,0.4981671
2017-10-31,0.496116458
2017-11-01,0.494065817
2017-11-02,0.492015175
2017-11-03,0.489964533
2017-11-04,0.487913892
2017-11-05,0.48586325
2017-11-06,0.483812608
2017-11-07,0.481761966
2017-11-08,0.479711325
2017-11-09,0.477660683
2017-11-10,0.475610041
2017-11-11,0.473559399
2017-11-12,0.471508758
2017-11-13,0.469458116
2017-11-14,0.467407474
2017-11-15,0.465356833
2017-11-16,0.463306191
2017-11-17,0.461255549
2017-11-18,0.459204907
2017-11-19,0.457154266
2017-11-20,0.455103624
2017-11-21,0.453052982
2017-11-22,0.451002341
2017-11-23,0.448951699
2017-11-24,0.446901057
2017-11-25,0.444850415
2017-11-26,0.442799774
2017-11-27,0.440749132
2017-11-28,0.43869849
2017-11-29,0.436647848
2017-11-30,0.434597207
2017-12-01,0.432546565
2017-12-02,0.430495923
2017-12-03,0.428445282
2017-12-04,0.42639464
2017-12-05,0.424343998
2017-12-06,0.422293356
2017-12-07,0.420242715
2017-12-08,0.418192073
2017-12-09,0.416141431
2017-12-10,0.41409079
2017-12-11,0.412040148
2017-12-12,0.409989506
2017-12-13,0.407938864
2017-12-14,0.405888223
2017-12-15,0.403837581
2017-12-16,0.401786939
2017-12-17,0.399736297
2017-12-18,0.397685656
2017-12-19,0.395635014
2017-12-20,0.393584372
2017-12-21,0.391533731
2017-12-22,0.389483089
2017-12-23,0.387432447
2017-12-24,0.385381805
2017-12-25,0.383331164
2017-12-26,0.381280522
2017-12-27,0.37922988
2017-12-28,0.377179239
2017-12-29,0.375128597
2017-12-30,0.373077955
2017-12-31,0.371027313
2018-01-01,0.368976672
2018-01-02,0.36692603
2018-01-03,0.364875388
2018-01-04,0.362824746
2018-01-05,0.360774105
2018-01-06,0.358723463
2018-01-07,0.356672821
2018-01-08,0.35462218
2018-01-09,0.352571538
2018-01-10,0.350520896
2018-01-11,0.348470254
2018-01-12,0.346419613
2018-01-13,0.344368971
2018-01-14,0.342318329
2018-01-15,0.340267688
2018-01-16,0.338217046
2018-01-17,0.336166404
2018-01-18,0.334115762
2018-01-19,0.332065121
2018-01-20,0.330014479
2018-01-21,0.327963837
2018-01-22,0.325913195
2018-01-23,0.323862554
2018-01-24,0.321811912
2018-01-25,0.31976127
2018-01-26,0.317710629
2018-01-27,0.315659987
2018-01-28,0.313609345
2018-01-29,0.311558703
2018-01-30,0.309508062
2018-01-31,0.30745742
2018-02-01,0.305406778
2018-02-02,0.303356137
2018-02-03,0.301305495
2018-02-04,0.299254853
2018-02-05,0.297204211
2018-02-06,0.29515357
2018-02-07,0.293102928
2018-02-08,0.291052286
2018-02-09,0.289001644
2018-02-10,0.286951003
2018-02-11,0.284900361
2018-02-12,0.282849719
2018-02-13,0.280799078
2018-02-14,0.278748436
2018-02-15,0.276697794
2018-02-16,0.274647152
2018-02-17,0.272596511
2018-02-18,0.270545869
2018-02-19,0.268495227
2018-02-20,0.266444586
2018-02-21,0.264393944
2018-02-22,0.262343302
2018-02-23,0.26029266
2018-02-24,0.258242019
2018-02-25,0.256191377
2018-02-26,0.254140735
2018-02-27,0.252090093
2018-02-28,0.250039452
2018-03-01,0.24798881
2018-03-02,0.245938168
2018-03-03,0.243887527
2018-03-04,0.241836885
2018-03-05,0.239786243
2018-03-06,0.237735601
2018-03-07,0.23568496
2018-03-08,0.233634318
2018-03-09,0.231583676
2018-03-10,0.229533035
2018-03-11,0.227482393
2018-03-12,0.225431751
2018-03-13,0.223381109
2018-03-14,0.221330468
2018-03-15,0.219279826
2018-03-16,0.217229184
2018-03-17,0.215178542
2018-03-18,0.216475002
2018-03-19,0.217771461
2018-03-20,0.21906792
2018-03-21,0.220364379
2018-03-22,0.221660838
2018-03-23,0.222957297
2018-03-24,0.224253756
2018-03-25,0.225550216
2018-03-26,0.226846675
2018-03-27,0.228143134
2018-03-28,0.229439593
2018-03-29,0.230736052
2018-03-30,0.232032511
2018-03-31,0.23332897
2018-04-01,0.23462543
2018-04-02,0.235921889
2018-04-03,0.237218348
2018-04-04,0.238514807
2018-04-05,0.239811266
2018-04-06,0.241107725
2018-04-07,0.242404184
2018-04-08,0.243700644
2018-04-09,0.244997103
2018-04-10,0.246293562
2018-04-11,0.247590021
2018-04-12,0.24888648
2018-04-13,0.250182939
2018-04-14,0.251479398
2018-04-15,0.252775857
2018-04-16,0.254072317
2018-04-17,0.255368776
2018-04-18,0.256665235
2018-04-19,0.257961694
2018-04-20,0.259258153
2018-04-21,0.260554612
2018-04-22,0.261851071
2018-04-23,0.264635407
2018-04-24,0.267419742
2018-04-25,0.270204078
2018-04-26,0.272988413
2018-04-27,0.275772749
2018-04-28,0.278557084
2018-04-29,0.28134142
2018-04-30,0.284125755
2018-05-01,0.286910091
2018-05-02,0.289694426
2018-05-03,0.292478762
2018-05-04,0.295263097
2018-05-05,0.298047433
2018-05-06,0.300831768
2018-05-07,0.303616104
2018-05-08,0.310366868
2018-05-09,0.317117633
2018-05-10,0.323868397
2018-05-11,0.330619162
2018-05-12,0.337369926
2018-05-13,0.344120691
2018-05-14,0.350871455
2018-05-15,0.35762222
2018-05-16,0.364372985
2018-05-17,0.371123749
2018-05-18,0.377874514
2018-05-19,0.467091655
2018-05-20,0.556308797
2018-05-21,0.645525938
2018-05-22,0.73474308
2018-05-23,0.823960222
2018-05-24,0.913177363
2018-05-25,1.002394505
2018-05-26,1.091611646
2018-05-27,1.180828788
2018-05-28,1.270045929
2018-05-29,1.359263071
2018-05-30,1.448480213
2018-05-31,1.537697354
2018-06-01,1.626914496
2018-06-02,1.716131637
2018-06-03,1.667326306
2018-06-04,1.618520975
2018-06-05,1.569715645
2018-06-06,1.520910314
2018-06-07,1.472104983
2018-06-08,1.423299652
2018-06-09,1.374494321
2018-06-10,1.32568899
2018-06-11,1.276883659
2018-06-12,1.228078328
2018-06-13,1.179272997
2018-06-14,1.130467666
2018-06-15,1.081662335
2018-06-16,1.032857004
2018-06-17,0.978300967
2018-06-18,0.923744931
2018-06-19,0.869188894
2018-06-20,0.814632858
2018-06-21,0.760076821
2018-06-22,0.705520784
2018-06-23,0.650964748
2018-06-24,0.596408711
2018-06-25,0.541852674
2018-06-26,0.487296638
2018-06-27,0.432740601
2018-06-28,0.378184565
2018-06-29,0.323628528
2018-06-30,0.269072491
2018-07-01,0.214516455
2018-07-02,0.220595868
2018-07-03,0.226675282
2018-07-04,0.232754696
2018-07-05,0.238834109
2018-07-06,0.244913523
2018-07-07,0.250992937
2018-07-08,0.257072351
2018-07-09,0.263151764
2018-07-10,0.269231178
2018-07-11,0.275310592
2018-07-12,0.281390005
2018-07-13,0.287469419
2018-07-14,0.293548833
2018-07-15,0.299190811
2018-07-16,0.30483279
2018-07-17,0.310474769
2018-07-18,0.316116747
2018-07-19,0.321758726
2018-07-20,0.327400705
2018-07-21,0.333042684
2018-07-22,0.338684662
2018-07-23,0.344326641
2018-07-24,0.34996862
2018-07-25,0.355610598
2018-07-26,0.361252577
2018-07-27,0.366894556
2018-07-28,0.372536534
2018-07-29,0.378178513
2018-07-30,0.383820492
2018-07-31,0.389462471
2018-08-01,0.395104449
2018-08-02,0.400746428
2018-08-03,0.406388407
2018-08-04,0.412030385
2018-08-05,0.417672364
2018-08-06,0.423314343
2018-08-07,0.428956321
2018-08-08,0.4345983
2018-08-09,0.440240279
2018-08-10,0.445882257
2018-08-11,0.451524236
2018-08-12,0.457166215
2018-08-13,0.441058604
2018-08-14,0.441945613
2018-08-15,0.442832622
2018-08-16,0.443719631
2018-08-17,0.444606641
2018-08-18,0.44549365
2018-08-19,0.446380659
2018-08-20,0.447267668
2018-08-21,0.467833092
2018-08-22,0.488398516
2018-08-23,0.50896394
2018-08-24,0.529529364
2018-08-25,0.550094788
2018-08-26,0.570660212
2018-08-27,0.591225636
2018-08-28,0.61179106
2018-08-29,0.632356484
2018-08-30,0.652921908
2018-08-31,0.673487332
2018-09-01,0.694052755
2018-09-02,0.714618179
2018-09-03,0.735183603
2018-09-04,0.755749027
2018-09-05,0.75035082
2018-09-06,0.744952613
2018-09-07,0.739554405
2018-09-08,0.734156198
2018-09-09,0.728757991
2018-09-10,0.723359783
2018-09-11,0.717961576
2018-09-12,0.712563369
2018-09-13,0.707165161
2018-09-14,0.701766954
2018-09-15,0.696368747
2018-09-16,0.690970539
2018-09-17,0.685572332
2018-09-18,0.680174125
2018-09-19,0.661280399
2018-09-20,0.642386673
2018-09-21,0.623492948
2018-09-22,0.604599222
2018-09-23,0.585705496
2018-09-24,0.56681177
2018-09-25,0.54779513
2018-09-26,0.52877849
2018-09-27,0.50976185
2018-09-28,0.490745209
2018-09-29,0.471728569
2018-09-30,0.452711929
2018-10-01,0.433695289
2018-10-02,0.414678648
2018-10-03,0.413557401
2018-10-04,0.412436153
2018-10-05,0.411314905
2018-10-06,0.410193657
2018-10-07,0.409072409
2018-10-08,0.407951161
2018-10-09,0.406829913
2018-10-10,0.405708666
2018-10-11,0.404587418
2018-10-12,0.40346617
2018-10-13,0.402344922
2018-10-14,0.401223674
2018-10-15,0.400102426
2018-10-16,0.40725352
2018-10-17,0.414404614
2018-10-18,0.421555708
2018-10-19,0.428706802
2018-10-20,0.435857896
2018-10-21,0.44300899
2018-10-22,0.450160084
2018-10-23,0.457311178
2018-10-24,0.464462272
2018-10-25,0.471613366
2018-10-26,0.47876446
2018-10-27,0.485915554
2018-10-28,0.493066648
2018-10-29,0.500217742
2018-10-30,0.4981671
2018-10-31,0.496116458
2018-11-01,0.494065817
2018-11-02,0.492015175
2018-11-03,0.489964533
2018-11-04,0.487913892
2018-11-05,0.48586325
2018-11-06,0.483812608
2018-11-07,0.481761966
2018-11-08,0.479711325
2018-11-09,0.477660683
2018-11-10,0.475610041
2018-11-11,0.473559399
2018-11-12,0.471508758
2018-11-13,0.469458116
2018-11-14,0.467407474
2018-11-15,0.465356833
2018-11-16,0.463306191
2018-11-17,0.461255549
2018-11-18,0.459204907
2018-11-19,0.457154266
2018-11-20,0.455103624
2018-11-21,0.453052982
2018-11-22,0.451002341
2018-11-23,0.448951699
2018-11-24,0.446901057
2018-11-25,0.444850415
2018-11-26,0.442799774
2018-11-27,0.440749132
2018-11-28,0.43869849
2018-11-29,0.436647848
2018-11-30,0.434597207
2018-12-01,0.432546565
2018-12-02,0.430495923
2018-12-03,0.428445282
2018-12-04,0.42639464
2018-12-05,0.424343998
2018-12-06,0.422293356
2018-12-07,0.420242715
2018-12-08,0.418192073
2018-12-09,0.416141431
2018-12-10,0.41409079
2018-12-11,0.412040148
2018-12-12,0.409989506
2018-12-13,0.407938864
2018-12-14,0.405888223
2018-12-15,0.403837581
2018-12-16,0.401786939
2018-12-17,0.399736297
2018-12-18,0.397685656
2018-12-19,0.395635014
2018-12-20,0.393584372
2018-12-21,0.391533731
2018-12-22,0.389483089
2018-12-23,0.387432447
2018-12-24,0.385381805
2018-12-25,0.383331164
2018-12-26,0.381280522
2018-12-27,0.37922988
2018-12-28,0.377179239
2018-12-29,0.375128597
2018-12-30,0.373077955
2018-12-31,0.371027313
